,Sample No,Temperature/â„ƒ,Time/s,Point_No,L*Before,a*Before,b*Before,L*After,a*After,b*After
4,,225,10,5,67.98,8.02,20.36,64.62,8.83,20.97
5,,225,10,6,67.45,8.04,19.76,63.8,8.36,20.24
6,,225,10,7,67.66,7.97,20.03,63.17,8.49,20.16
7,,225,10,8,66.57,8.04,19.84,62.52,8.54,20.07
8,,225,10,9,67.73,8.33,20.28,63.06,8.87,20.41
9,,225,10,10,66.85,8.03,20.08,62.45,8.72,20.43
10,,225,10,11,67.6,8.42,20.61,64.32,9.09,21.17
11,,225,10,12,67.02,8.06,20.12,63.44,8.37,20.87
12,,225,10,13,67.31,8.06,20.09,64.55,8.61,20.85
13,,225,10,14,66.96,7.85,19.87,64.03,8.36,20.68
14,,225,10,15,67.63,7.89,20.28,65.08,8.2,20.64
15,,225,10,16,67.02,7.99,19.98,64.22,8.14,20.41
16,,225,10,17,67.59,7.98,20.19,63.4,8.39,20.61
17,,225,10,18,67.83,8.22,20.34,64.11,8.66,20.81
18,,225,10,19,66.49,8.05,20.14,63.07,8.66,20.96
19,,225,10,20,68.32,8.01,20.3,65.43,8.55,21.45
28,,225,10,5,66.84,7.43,19.37,65.19,7.61,20.11
29,,225,10,6,66.66,7.25,19.19,64.92,7.51,20.24
30,,225,10,7,67.71,7.66,19.72,64.46,8.06,20.41
31,,225,10,8,66.05,7.39,19.64,62.82,7.87,20.72
32,,225,10,9,67.12,7.28,19.34,64.58,7.46,19.73
33,,225,10,10,66.72,7.23,19.16,64.5,7.39,19.91
34,,225,10,11,67.1,7.27,19.6,64.18,7.64,20.38
35,,225,10,12,65.82,7.3,19.36,63.62,7.65,20.12
36,,225,10,13,66.84,7.28,19.1,63.87,7.65,20.27
37,,225,10,14,67.52,7.77,20.08,65.24,7.9,20.66
38,,225,10,15,68.24,6.34,18.45,65.44,6.87,19.9
39,,225,10,16,66.89,7.19,19.2,63.91,7.38,20.22
40,,225,10,17,65.83,7.23,19.08,60.79,7.87,19.71
41,,225,10,18,67.6,8.06,20.06,64.23,8.38,20.58
42,,225,10,19,65.46,7.4,19.41,60.47,7.5,19.85
43,,225,10,20,66.66,7.63,19.61,62.55,7.91,19.85
52,,225,10,5,74.87,7.3,20.07,72.66,7.43,20.89
53,,225,10,6,71.96,7.17,20.58,69.47,7.72,21.72
54,,225,10,7,74.16,6.65,19.24,70.73,6.93,20.2
55,,225,10,8,75.11,6.66,19.05,71.07,7.16,20.04
56,,225,10,9,73.87,7.39,20.21,71.31,7.97,21.39
57,,225,10,10,73.89,6.79,19.92,70.61,7.35,21.02
58,,225,10,11,75.33,6.13,18.58,71.2,6.51,19.56
59,,225,10,12,76.14,6.16,18.66,71.66,6.7,19.79
60,,225,10,13,74.93,7.28,19.12,71.43,7.66,20.03
61,,225,10,14,74.74,7.37,19.22,71.32,7.74,20.21
62,,225,10,15,72.96,6.67,19.87,70.36,7.24,21.38
63,,225,10,16,73.39,6.21,19.38,71.05,6.77,20.58
64,,225,10,17,74.76,6.79,18.84,69.95,7.24,20.3
66,,225,10,19,75.14,6.86,18.96,70.67,7.39,20.05
4,,225,20,5,67.86,7.72,20.9,61.23,8.05,20.57
5,,225,20,6,68.88,7.27,20.17,61.92,7.75,20.01
6,,225,20,7,68.72,7.74,20.67,61.11,8.01,20.33
7,,225,20,8,68.67,7.61,20.44,60.87,8.29,20.02
8,,225,20,9,67.86,7.35,20.35,60.15,8.08,20.08
9,,225,20,10,68.77,7.51,20.37,61.0,8.33,20.27
10,,225,20,11,68.05,7.68,20.53,60.29,8.21,20.17
11,,225,20,12,68.56,7.71,20.51,61.13,8.28,20.34
12,,225,20,13,67.92,7.48,20.59,60.43,8.16,20.25
13,,225,20,14,68.34,7.91,20.78,60.59,8.65,20.52
14,,225,20,15,68.86,7.4,20.55,62.37,7.85,20.53
15,,225,20,16,69.86,7.69,20.64,63.53,8.68,21.0
16,,225,20,17,68.15,7.36,20.32,62.49,7.89,20.76
17,,225,20,18,69.54,7.69,20.58,64.04,8.36,20.54
18,,225,20,19,68.22,7.57,20.43,63.48,8.17,20.97
19,,225,20,20,69.71,7.66,20.49,64.46,8.38,20.87
28,,225,20,5,72.32,7.4,21.53,64.91,8.09,22.27
29,,225,20,6,72.61,8.02,21.77,67.13,8.5,21.8
30,,225,20,7,73.87,7.9,21.78,64.99,8.67,21.72
31,,225,20,8,72.85,7.65,21.36,66.38,7.85,21.49
32,,225,20,9,73.85,7.83,21.89,63.69,9.01,21.96
33,,225,20,10,73.72,7.3,21.03,67.1,8.12,21.63
35,,225,20,12,73.56,7.51,21.47,64.03,8.63,22.0
36,,225,20,13,73.24,8.01,21.95,64.74,8.43,21.42
37,,225,20,14,72.57,7.71,21.2,65.22,8.05,21.1
38,,225,20,15,72.39,7.85,21.88,65.64,7.77,20.83
39,,225,20,16,72.53,7.72,21.11,63.98,7.61,20.49
40,,225,20,17,72.12,7.47,20.87,63.87,8.22,21.04
41,,225,20,18,71.78,7.48,20.6,64.09,7.24,20.25
42,,225,20,19,72.23,7.52,20.81,63.98,8.62,20.88
43,,225,20,20,71.17,7.5,21.29,64.52,8.32,21.82
52,,225,20,5,72.43,7.42,20.69,65.48,7.99,20.81
53,,225,20,6,70.24,7.71,21.38,63.56,8.48,21.25
54,,225,20,7,72.12,7.02,20.14,64.63,7.76,20.29
55,,225,20,8,70.14,7.11,20.54,63.69,7.88,20.39
56,,225,20,9,72.14,7.25,20.94,62.81,7.95,21.03
57,,225,20,10,71.5,7.25,20.62,63.48,8.09,20.96
58,,225,20,11,72.59,6.97,20.65,64.44,7.61,21.07
59,,225,20,12,71.19,7.31,20.8,63.86,7.89,20.72
60,,225,20,13,72.01,7.22,20.67,63.32,7.96,21.18
61,,225,20,14,71.2,7.25,20.56,63.0,7.97,21.07
62,,225,20,15,71.6,7.17,20.55,62.76,7.98,20.77
63,,225,20,16,71.2,7.31,20.68,64.11,7.98,20.88
64,,225,20,17,71.93,7.02,20.8,63.26,7.98,21.07
65,,225,20,18,70.62,7.29,20.77,63.59,8.04,21.18
66,,225,20,19,72.31,7.17,20.61,64.11,7.9,20.73
67,,225,20,20,71.33,6.93,20.56,64.91,7.74,20.83
4,,225,30,5,72.71,7.85,20.69,64.36,7.54,19.45
5,,225,30,6,71.94,7.59,20.64,63.29,7.16,19.53
6,,225,30,7,73.25,7.56,20.36,63.77,7.29,19.3
7,,225,30,8,71.17,7.4,20.48,61.12,7.4,19.34
8,,225,30,9,73.31,7.49,20.1,63.19,7.29,19.31
9,,225,30,10,72.55,7.16,19.93,61.86,7.43,19.57
11,,225,30,12,70.43,7.78,21.88,59.82,7.98,20.56
13,,225,30,14,71.73,7.49,20.63,61.78,7.36,19.6
14,,225,30,15,72.59,7.7,20.08,61.79,7.84,19.05
15,,225,30,16,71.65,7.52,20.34,61.66,7.58,19.69
16,,225,30,17,72.45,7.73,20.05,61.9,7.87,19.44
17,,225,30,18,71.43,7.79,20.16,62.49,7.68,19.42
18,,225,30,19,72.07,7.78,20.48,61.77,7.92,19.52
19,,225,30,20,71.3,7.53,20.19,62.67,7.36,19.29
28,,225,30,5,69.57,6.97,20.0,60.86,7.89,20.76
29,,225,30,6,70.77,8.13,21.96,62.3,8.88,22.04
30,,225,30,7,69.21,6.92,19.59,62.02,7.65,19.51
31,,225,30,8,68.76,8.28,21.71,62.49,8.94,21.17
32,,225,30,9,69.86,6.64,19.35,61.77,7.18,19.59
33,,225,30,10,67.55,8.4,21.41,60.87,8.99,21.03
34,,225,30,11,68.74,6.85,20.07,60.95,7.61,20.06
35,,225,30,12,67.17,8.25,21.75,60.43,8.96,21.28
36,,225,30,13,69.25,6.83,19.68,61.43,7.37,19.78
37,,225,30,14,68.66,8.24,21.52,61.05,8.65,21.05
38,,225,30,15,70.21,6.77,19.76,61.94,7.11,19.94
39,,225,30,16,69.04,8.15,21.41,61.17,8.51,21.12
40,,225,30,17,69.09,6.64,19.51,60.8,7.21,19.64
41,,225,30,18,70.7,7.77,21.02,61.31,8.64,21.21
42,,225,30,19,70.29,6.7,19.37,60.67,7.7,20.22
43,,225,30,20,70.96,7.45,20.48,63.93,7.79,20.54
52,,225,30,5,74.43,7.33,19.59,66.41,7.53,19.73
53,,225,30,6,73.78,7.11,20.55,64.86,7.84,20.73
54,,225,30,7,74.89,7.13,19.53,63.73,7.6,20.34
55,,225,30,8,75.07,7.34,19.97,66.51,7.79,20.36
56,,225,30,9,74.02,7.18,19.89,64.01,7.86,20.36
57,,225,30,10,74.96,7.22,20.01,64.28,7.96,20.22
58,,225,30,11,75.12,7.24,20.33,64.07,8.17,20.78
59,,225,30,12,75.05,7.18,19.35,65.64,7.74,19.89
60,,225,30,13,75.87,6.23,18.13,66.92,6.78,19.14
61,,225,30,14,74.28,6.78,18.98,65.14,7.47,19.72
62,,225,30,15,74.01,7.15,19.27,66.24,7.12,19.13
63,,225,30,16,74.33,5.9,17.84,66.41,6.57,19.37
64,,225,30,17,74.78,6.67,18.52,67.56,6.34,18.41
65,,225,30,18,74.68,5.46,17.63,67.87,6.47,19.13
66,,225,30,19,72.93,5.85,18.4,66.3,6.13,18.74
67,,225,30,20,73.31,5.79,17.19,67.0,5.78,17.51
4,,225,40,5,68.76,7.69,20.03,60.9,8.13,19.38
5,,225,40,6,67.75,8.8,21.47,59.35,8.49,19.58
6,,225,40,7,69.31,7.56,19.85,60.64,8.23,19.21
7,,225,40,8,68.09,8.49,21.11,59.8,8.88,19.87
8,,225,40,9,68.84,8.04,20.16,59.64,8.11,19.08
9,,225,40,10,68.2,8.47,21.05,58.86,8.77,19.54
10,,225,40,11,68.72,7.78,19.94,60.78,8.0,18.97
11,,225,40,12,67.87,8.77,21.4,59.96,9.11,19.97
12,,225,40,13,68.84,7.15,19.69,61.7,7.42,18.91
13,,225,40,14,67.99,8.68,21.06,60.05,9.0,19.43
14,,225,40,15,68.55,7.2,19.97,63.06,7.41,19.53
15,,225,40,16,68.07,8.81,21.04,60.35,9.52,19.96
16,,225,40,17,66.63,7.08,19.44,61.71,7.33,18.6
17,,225,40,18,68.64,8.67,20.71,61.4,9.06,19.37
18,,225,40,19,68.34,7.26,19.84,60.21,7.33,19.18
19,,225,40,20,68.22,8.54,20.92,58.95,8.94,19.51
28,,225,40,5,72.39,7.27,21.02,63.49,7.31,20.72
29,,225,40,6,72.0,7.24,21.58,64.68,7.3,20.76
30,,225,40,7,72.29,7.09,20.84,61.11,7.17,20.24
31,,225,40,8,72.33,7.08,20.92,62.05,6.97,20.16
32,,225,40,9,73.11,7.25,21.38,62.07,7.5,20.5
33,,225,40,10,73.62,6.83,21.14,62.96,7.04,20.56
34,,225,40,11,72.97,7.09,21.0,61.05,7.2,20.12
35,,225,40,12,72.65,7.13,21.41,62.23,7.25,20.84
36,,225,40,13,73.17,7.0,20.76,61.0,7.49,20.18
37,,225,40,14,72.93,6.94,21.33,62.5,6.83,20.2
38,,225,40,15,72.18,7.37,21.27,61.05,7.64,20.63
39,,225,40,16,72.75,7.05,21.23,62.71,7.12,20.41
40,,225,40,17,72.47,6.91,20.82,60.42,7.3,20.32
41,,225,40,18,71.69,7.23,21.65,61.9,7.0,20.4
42,,225,40,19,72.04,7.14,20.75,60.01,7.17,19.9
43,,225,40,20,72.22,7.16,21.1,61.37,6.91,20.07
52,,225,40,5,70.91,7.02,19.21,57.57,6.67,18.18
53,,225,40,6,71.2,6.68,19.02,58.48,5.55,17.82
54,,225,40,7,70.96,7.45,20.48,54.95,7.92,19.44
55,,225,40,8,70.37,7.15,20.3,54.56,6.75,18.8
56,,225,40,9,71.88,7.2,20.29,58.0,7.59,19.71
57,,225,40,10,71.02,6.77,19.46,54.89,5.65,17.46
58,,225,40,11,70.31,6.6,19.69,53.05,7.22,18.67
59,,225,40,12,71.68,6.75,18.79,54.49,5.58,17.1
60,,225,40,13,69.8,6.32,19.81,55.99,7.31,19.02
61,,225,40,14,70.62,7.26,19.83,55.19,6.88,18.13
62,,225,40,15,69.19,6.93,20.81,57.15,7.59,19.83
63,,225,40,16,69.96,7.18,20.06,54.1,7.16,18.51
64,,225,40,17,69.43,7.0,21.41,57.29,7.83,20.29
65,,225,40,18,69.62,6.7,20.54,55.24,7.58,19.62
66,,225,40,19,71.62,6.06,19.63,57.78,6.94,19.94
67,,225,40,20,69.82,7.0,21.18,53.78,8.02,20.49
4,,225,50,5,69.04,6.84,20.39,60.03,7.82,20.43
5,,225,50,6,69.04,7.4,21.19,58.62,8.66,22.01
6,,225,50,7,69.12,6.91,20.12,60.51,7.56,20.3
7,,225,50,8,68.55,7.42,20.23,60.97,7.7,19.91
8,,225,50,9,68.73,7.27,20.74,59.61,7.87,20.35
9,,225,50,10,68.74,7.42,20.75,60.33,7.91,20.27
10,,225,50,11,67.89,7.18,20.56,58.94,7.91,20.56
11,,225,50,12,67.9,7.11,20.3,59.17,7.65,20.08
12,,225,50,13,68.07,6.85,20.06,59.67,7.38,19.95
13,,225,50,14,68.18,7.19,20.53,59.03,7.61,19.99
14,,225,50,15,66.93,7.12,20.19,58.3,7.67,19.9
15,,225,50,16,67.85,7.2,20.34,59.48,7.83,20.09
16,,225,50,17,66.76,7.32,20.43,57.4,8.0,20.08
17,,225,50,18,67.84,7.42,20.74,59.33,7.97,20.35
18,,225,50,19,66.99,7.34,20.43,58.68,7.74,19.86
19,,225,50,20,67.91,7.34,20.44,60.08,7.92,19.78
28,,225,50,5,71.54,7.27,20.15,61.88,7.48,20.31
29,,225,50,6,72.0,7.39,20.25,59.84,7.02,20.14
30,,225,50,7,72.04,7.11,19.97,60.92,7.33,20.21
31,,225,50,8,71.84,7.15,20.09,58.6,7.05,20.17
32,,225,50,9,72.64,7.39,20.45,60.2,7.46,20.62
33,,225,50,10,72.65,6.95,19.63,57.85,7.01,20.08
34,,225,50,11,73.54,6.97,20.23,60.53,6.98,20.38
35,,225,50,12,71.43,7.02,19.84,56.71,6.91,19.66
36,,225,50,13,72.56,7.06,20.34,58.97,7.21,20.31
37,,225,50,14,71.83,7.34,20.45,58.05,7.36,19.83
38,,225,50,15,71.53,7.03,20.69,57.41,7.66,20.56
39,,225,50,16,72.07,7.29,20.53,58.54,7.27,20.22
40,,225,50,17,70.92,7.09,20.57,56.4,7.63,20.43
41,,225,50,18,72.87,7.34,20.54,58.1,7.62,20.5
42,,225,50,19,70.45,7.25,20.86,56.97,7.74,20.29
43,,225,50,20,72.41,6.3,19.35,57.76,6.64,19.75
52,,225,50,5,70.45,6.8,21.04,59.09,7.72,21.45
53,,225,50,6,70.9,7.21,21.06,60.32,7.77,21.38
54,,225,50,7,69.93,7.02,20.29,60.38,7.25,19.71
55,,225,50,8,70.56,7.16,20.67,60.57,6.63,19.24
56,,225,50,9,69.65,6.99,20.56,59.72,7.07,19.89
57,,225,50,10,70.66,7.07,20.6,59.58,6.84,19.46
58,,225,50,11,68.97,6.77,20.54,58.99,6.74,19.44
59,,225,50,12,69.62,6.81,19.84,59.97,6.74,18.94
60,,225,50,13,68.94,6.93,20.46,59.43,6.7,19.37
61,,225,50,14,69.61,6.52,19.7,59.36,6.06,18.55
62,,225,50,15,69.82,7.04,20.47,60.71,7.22,20.0
63,,225,50,16,70.39,6.78,20.25,60.83,6.72,19.73
64,,225,50,17,70.56,7.03,20.42,61.67,7.1,19.93
65,,225,50,18,68.84,7.25,20.67,58.64,6.96,19.48
66,,225,50,19,69.83,7.25,20.61,61.32,6.94,19.8
67,,225,50,20,70.96,6.87,20.53,60.92,6.79,19.54
4,,250,10,5,69.18,7.58,20.16,56.6,6.82,17.64
5,,250,10,6,71.98,5.98,18.67,60.16,5.18,17.34
6,,250,10,7,69.89,7.36,19.76,54.46,6.5,17.37
7,,250,10,8,71.37,6.12,18.11,56.46,5.18,16.56
8,,250,10,9,70.32,7.34,19.65,56.05,6.92,17.56
9,,250,10,10,70.86,6.7,18.63,56.21,4.82,16.31
10,,250,10,11,69.79,7.66,20.09,55.59,7.09,17.44
11,,250,10,12,70.91,6.75,18.84,54.76,5.06,16.24
12,,250,10,13,71.55,6.61,19.06,56.88,7.26,17.55
13,,250,10,14,70.58,6.8,19.12,55.08,4.29,15.71
14,,250,10,15,70.63,7.0,19.34,56.29,7.04,17.8
15,,250,10,16,70.88,6.25,18.57,55.06,4.72,16.44
16,,250,10,17,70.6,7.63,19.89,56.85,6.95,17.54
17,,250,10,18,70.67,6.29,18.56,55.25,5.01,16.38
18,,250,10,19,71.54,6.85,18.76,56.89,5.89,16.94
19,,250,10,20,70.65,7.28,19.48,56.37,6.7,17.4
28,,250,10,5,75.82,6.74,19.49,65.46,7.12,19.91
29,,250,10,6,76.2,7.3,20.05,66.97,7.51,20.21
30,,250,10,7,75.89,6.93,19.48,63.73,7.36,20.03
31,,250,10,8,75.13,7.31,20.34,63.59,7.72,20.71
32,,250,10,9,76.1,7.13,19.98,64.35,7.58,20.56
33,,250,10,10,75.05,7.39,20.29,64.33,7.77,20.18
34,,250,10,11,75.18,7.18,20.09,63.59,7.39,20.25
35,,250,10,12,75.05,7.27,20.07,62.82,7.7,20.56
36,,250,10,13,75.65,6.83,19.49,64.34,6.93,19.8
37,,250,10,14,75.3,7.31,19.94,64.38,7.51,19.98
38,,250,10,15,75.5,7.08,20.0,64.15,7.39,20.37
39,,250,10,16,74.95,7.34,20.23,63.94,7.64,20.09
40,,250,10,17,75.83,7.11,19.82,64.34,7.49,20.56
41,,250,10,18,74.83,7.49,20.22,64.42,7.49,20.23
42,,250,10,19,75.42,7.04,19.74,63.97,7.36,20.18
43,,250,10,20,75.24,7.42,20.29,64.26,7.63,20.06
52,,250,10,5,68.61,6.87,18.69,64.79,7.26,19.06
53,,250,10,6,67.77,6.99,18.75,63.52,7.12,18.99
54,,250,10,7,67.36,7.37,19.36,57.92,7.27,18.23
55,,250,10,8,67.82,7.34,19.25,57.45,7.23,18.29
56,,250,10,9,66.89,7.56,19.62,56.5,7.45,18.77
57,,250,10,10,67.64,7.53,19.61,57.75,7.42,18.66
58,,250,10,11,67.25,7.63,19.57,61.28,7.63,19.29
59,,250,10,12,67.7,7.51,19.58,59.8,7.38,18.93
60,,250,10,13,67.59,7.47,19.5,61.41,7.93,19.85
61,,250,10,14,66.41,7.45,19.72,59.55,7.25,19.36
62,,250,10,15,66.46,7.51,19.83,58.17,7.54,19.28
63,,250,10,16,67.41,7.58,19.73,56.17,7.26,18.57
64,,250,10,17,67.96,7.58,20.07,57.13,7.63,18.99
65,,250,10,18,67.36,7.89,20.05,55.06,7.69,18.63
66,,250,10,19,67.58,7.98,20.32,56.96,7.59,19.07
67,,250,10,20,67.25,7.85,19.98,56.11,7.6,18.81
76,,250,10,5,69.99,7.95,20.72,62.81,7.58,19.53
77,,250,10,6,67.74,7.52,20.68,60.65,7.91,19.79
78,,250,10,7,67.45,8.0,20.52,59.06,8.32,19.23
79,,250,10,8,68.36,7.3,20.45,59.57,8.09,20.07
80,,250,10,9,69.05,8.01,21.01,61.35,7.78,19.41
81,,250,10,10,69.09,7.36,20.43,59.99,7.3,19.3
82,,250,10,11,69.12,8.15,20.99,63.28,8.11,20.06
83,,250,10,12,69.49,7.7,20.61,60.56,7.12,18.99
84,,250,10,13,69.44,8.0,20.91,62.62,7.64,19.49
85,,250,10,14,69.06,8.3,21.29,62.62,8.23,20.28
86,,250,10,15,69.35,7.96,20.6,65.55,7.35,19.76
88,,250,10,17,68.7,8.26,20.87,64.66,7.93,20.16
89,,250,10,18,66.69,7.59,20.11,61.81,8.14,20.27
90,,250,10,19,68.7,8.33,21.0,63.64,8.06,20.44
91,,250,10,20,67.39,7.64,20.13,62.16,8.3,20.24
4,,250,20,5,72.66,6.85,20.16,55.8,7.47,19.67
6,,250,20,7,73.09,6.57,20.0,55.75,7.51,19.16
7,,250,20,8,71.36,6.58,20.27,48.17,7.23,18.99
8,,250,20,9,72.13,6.59,20.19,49.22,7.2,18.41
9,,250,20,10,70.52,6.83,20.07,49.19,6.42,17.92
10,,250,20,11,72.26,6.91,20.27,53.03,6.76,18.45
11,,250,20,12,71.2,6.71,19.81,51.58,6.49,18.18
12,,250,20,13,72.27,7.12,20.29,52.69,7.13,18.66
13,,250,20,14,70.86,6.79,19.54,50.75,6.45,17.98
14,,250,20,15,73.43,6.84,20.39,56.47,7.14,18.76
15,,250,20,16,71.16,6.73,19.61,51.03,6.46,18.05
16,,250,20,17,73.67,6.81,20.25,55.0,7.35,19.18
17,,250,20,18,71.41,6.88,19.94,51.11,6.79,18.65
18,,250,20,19,71.56,7.45,20.84,53.83,7.48,19.06
19,,250,20,20,71.15,6.52,19.47,52.56,6.35,18.26
28,,250,20,5,70.49,7.92,20.33,57.88,7.26,18.74
29,,250,20,6,72.29,7.69,20.13,58.43,7.19,18.3
30,,250,20,7,69.99,7.74,20.46,56.51,7.15,18.22
31,,250,20,8,71.98,7.68,20.18,59.01,7.27,18.68
32,,250,20,9,69.45,7.79,20.52,57.45,6.93,17.93
33,,250,20,10,71.53,7.9,20.34,57.46,7.03,17.93
34,,250,20,11,69.83,7.64,20.3,57.05,6.86,17.94
35,,250,20,12,71.06,7.86,20.36,57.69,7.25,18.17
36,,250,20,13,70.94,7.48,20.04,59.02,6.99,18.17
37,,250,20,14,70.48,7.38,19.69,55.87,6.55,17.44
38,,250,20,15,69.6,7.82,20.68,58.07,7.02,17.98
39,,250,20,16,71.19,7.35,20.0,54.6,6.32,17.65
40,,250,20,17,70.16,7.51,19.99,56.73,6.86,18.09
41,,250,20,18,70.84,7.09,19.47,53.4,6.41,17.67
42,,250,20,19,71.37,7.4,19.8,58.49,6.97,18.26
43,,250,20,20,71.3,7.27,19.82,55.66,6.49,18.05
52,,250,20,5,70.85,7.53,20.67,60.15,7.31,20.15
53,,250,20,6,71.87,6.79,19.92,61.04,6.93,19.95
54,,250,20,7,70.65,7.37,20.41,58.13,7.24,19.61
55,,250,20,8,71.01,7.37,20.44,58.28,7.67,20.07
56,,250,20,9,71.52,7.0,20.01,60.1,7.25,19.7
57,,250,20,10,70.74,7.69,20.98,60.61,7.72,20.1
58,,250,20,11,70.11,7.68,20.98,63.16,7.86,20.53
59,,250,20,12,69.62,8.34,21.95,62.45,8.42,21.14
60,,250,20,13,67.76,8.76,22.24,57.74,8.96,20.85
61,,250,20,14,68.19,8.35,21.93,60.34,8.36,20.79
62,,250,20,15,70.65,7.45,20.42,54.4,7.68,19.71
63,,250,20,16,69.96,7.59,20.7,55.2,7.15,19.6
64,,250,20,17,70.84,7.33,20.53,55.84,7.12,19.79
65,,250,20,18,70.69,7.36,20.5,56.72,7.22,19.85
66,,250,20,19,70.19,6.75,20.12,56.83,6.24,19.36
67,,250,20,20,70.19,6.96,20.38,58.67,6.83,19.94
4,,250,30,5,69.43,7.01,19.73,51.04,7.07,18.5
5,,250,30,6,70.02,7.23,20.15,52.33,7.27,18.86
6,,250,30,7,70.19,6.93,19.56,51.41,6.92,18.5
7,,250,30,8,69.17,7.57,20.29,50.32,7.39,18.27
8,,250,30,9,68.94,7.19,20.0,50.79,6.82,17.78
9,,250,30,10,68.95,7.76,20.55,50.25,7.31,17.88
10,,250,30,11,67.41,7.17,20.07,50.58,6.53,17.65
11,,250,30,12,67.79,7.28,20.51,51.87,6.74,18.25
12,,250,30,13,67.24,7.28,20.17,52.77,6.87,18.39
13,,250,30,14,68.14,7.5,20.72,53.12,6.96,18.61
14,,250,30,15,68.31,7.24,20.35,51.13,7.03,18.66
15,,250,30,16,68.9,7.78,20.45,52.78,7.33,18.82
16,,250,30,17,68.83,7.71,20.61,48.87,7.25,17.71
17,,250,30,18,70.1,6.85,19.95,51.43,7.16,18.52
18,,250,30,19,67.77,8.48,21.55,52.54,8.57,20.07
19,,250,30,20,69.58,6.97,19.88,55.52,6.71,19.21
30,,250,30,7,74.83,7.71,19.84,57.41,7.66,20.56
31,,250,30,8,74.4,7.4,19.51,56.41,7.23,19.85
32,,250,30,9,73.75,7.4,19.22,54.92,7.02,19.93
33,,250,30,10,74.12,7.39,19.34,54.36,7.13,19.69
34,,250,30,11,73.08,7.29,19.55,57.22,7.41,20.82
35,,250,30,12,73.19,7.41,19.62,56.75,6.97,20.34
36,,250,30,13,73.3,7.4,19.46,61.23,7.12,20.48
37,,250,30,14,73.1,7.43,19.45,59.33,7.09,20.26
38,,250,30,15,74.78,7.53,19.63,61.43,7.24,20.68
39,,250,30,16,73.83,7.43,19.5,58.89,7.05,20.17
40,,250,30,17,74.53,7.44,19.65,61.39,7.53,20.58
41,,250,30,18,73.54,7.1,19.09,59.4,7.16,20.39
42,,250,30,19,73.96,7.28,19.52,62.06,7.58,20.82
43,,250,30,20,72.89,7.03,19.84,58.72,7.18,20.78
52,,250,30,5,70.63,8.31,21.95,55.4,8.09,19.03
53,,250,30,6,70.94,8.17,21.87,55.57,8.13,18.95
54,,250,30,7,71.52,8.12,21.63,56.43,7.99,19.2
55,,250,30,8,71.43,8.02,21.33,55.54,8.02,19.32
56,,250,30,9,71.36,8.35,21.99,54.73,8.13,19.21
57,,250,30,10,71.66,7.89,21.4,55.21,8.15,19.5
58,,250,30,11,71.46,8.19,21.79,57.16,8.43,19.56
59,,250,30,12,71.2,8.51,22.34,56.61,8.54,19.69
60,,250,30,13,70.87,8.08,21.19,54.89,7.54,18.52
61,,250,30,14,71.12,7.89,21.02,54.38,7.73,18.79
62,,250,30,15,70.87,7.94,21.06,54.71,7.6,18.8
63,,250,30,16,70.81,8.35,21.73,54.23,8.01,18.9
64,,250,30,17,70.71,8.51,21.81,56.2,8.39,19.54
65,,250,30,18,70.0,7.84,21.31,55.46,8.05,19.36
66,,250,30,19,70.55,8.41,21.77,55.58,8.55,19.34
67,,250,30,20,70.21,7.59,20.91,55.87,7.9,19.13
4,,250,40,5,72.02,8.08,21.68,56.35,8.28,20.88
5,,250,40,6,73.96,7.65,19.98,60.46,7.59,20.01
6,,250,40,7,74.68,7.14,19.84,54.73,7.33,19.51
7,,250,40,8,74.05,6.95,19.12,54.12,6.9,19.23
8,,250,40,9,73.46,6.93,19.95,55.6,6.78,19.35
9,,250,40,10,73.45,7.65,20.48,54.84,7.74,19.48
10,,250,40,11,75.0,7.09,19.87,59.79,7.05,19.85
11,,250,40,12,73.78,6.61,19.85,58.54,6.89,19.69
12,,250,40,13,72.54,7.44,21.18,55.61,7.42,19.95
13,,250,40,14,74.26,7.43,19.48,58.9,7.09,19.03
14,,250,40,15,75.17,7.27,19.7,57.29,7.03,19.36
15,,250,40,16,74.17,6.5,19.52,57.26,6.52,19.16
16,,250,40,17,71.58,7.72,20.86,53.79,7.8,20.07
17,,250,40,18,73.91,7.47,19.78,58.82,7.31,19.42
18,,250,40,19,74.95,7.1,19.9,57.87,7.11,19.9
19,,250,40,20,71.14,7.59,21.09,55.71,7.39,19.71
28,,250,40,5,68.27,7.44,21.14,51.22,7.24,18.83
29,,250,40,6,68.01,7.88,21.47,50.76,7.79,19.35
30,,250,40,7,67.94,7.67,21.35,50.58,7.39,18.78
31,,250,40,8,68.66,7.85,21.71,50.57,7.87,19.46
32,,250,40,9,68.36,7.44,20.71,52.12,6.87,18.73
33,,250,40,10,68.49,7.71,20.8,53.23,7.38,18.79
34,,250,40,11,68.63,7.73,21.22,52.77,7.32,19.03
35,,250,40,12,67.91,7.85,21.14,53.32,7.46,18.94
36,,250,40,13,67.47,7.97,21.15,49.73,7.5,18.6
37,,250,40,14,67.35,8.07,21.36,49.44,7.76,18.78
38,,250,40,15,66.58,7.89,21.25,48.15,7.55,18.1
39,,250,40,16,67.18,8.11,21.33,48.55,7.64,18.35
40,,250,40,17,67.07,8.0,21.12,49.83,7.59,18.55
41,,250,40,18,67.47,7.74,20.86,51.56,7.25,18.05
42,,250,40,19,67.0,8.08,21.43,52.79,7.44,18.83
43,,250,40,20,66.72,8.17,21.34,51.75,7.77,18.6
54,,250,40,7,68.18,7.19,20.53,47.9,6.57,17.47
55,,250,40,8,68.28,7.37,21.0,50.49,7.55,18.84
56,,250,40,9,68.37,7.38,20.45,48.93,6.94,17.87
57,,250,40,10,68.17,7.76,21.49,49.91,7.67,18.95
58,,250,40,11,68.35,7.15,20.44,50.55,6.64,18.31
59,,250,40,12,67.05,8.28,21.82,50.6,8.0,19.25
60,,250,40,13,70.16,6.74,20.49,53.78,6.8,19.02
61,,250,40,14,68.03,7.97,21.21,51.97,6.83,18.21
62,,250,40,15,70.6,6.87,20.5,52.11,7.1,19.16
63,,250,40,16,68.78,7.05,20.43,49.0,7.02,18.51
64,,250,40,17,70.79,7.03,20.87,53.01,7.21,19.28
65,,250,40,18,68.88,6.66,20.09,49.19,6.55,18.15
66,,250,40,19,69.69,7.67,21.71,50.59,8.12,19.47
67,,250,40,20,70.11,6.33,19.88,51.83,6.97,19.1
4,,250,50,5,69.01,6.79,20.04,45.47,6.2,16.02
5,,250,50,6,70.31,6.64,18.89,43.85,5.2,14.68
6,,250,50,7,69.38,5.92,19.04,43.98,5.93,15.43
8,,250,50,9,69.85,5.46,18.65,47.38,5.82,16.52
10,,250,50,11,70.78,6.06,19.73,50.38,6.6,17.97
11,,250,50,12,70.85,6.89,19.11,45.0,5.5,15.46
12,,250,50,13,70.63,6.23,19.94,46.67,6.83,17.18
13,,250,50,14,70.88,6.67,19.07,43.84,5.51,15.21
14,,250,50,15,68.8,6.62,19.65,43.12,5.98,15.56
15,,250,50,16,70.69,6.12,18.88,46.85,6.04,16.79
16,,250,50,17,69.36,6.16,18.84,46.42,5.93,16.52
17,,250,50,18,70.77,5.74,18.8,46.85,6.04,16.79
18,,250,50,19,70.46,6.81,19.29,46.21,6.16,16.64
19,,250,50,20,70.38,6.0,19.48,44.86,5.99,16.29
28,,250,50,5,76.16,6.06,18.26,57.72,7.07,19.81
29,,250,50,6,75.51,6.42,18.92,57.57,7.22,19.91
30,,250,50,7,76.54,6.04,17.88,55.21,6.94,19.21
31,,250,50,8,75.18,6.51,19.2,54.42,7.58,19.32
32,,250,50,9,76.31,6.11,18.19,54.74,7.01,18.91
33,,250,50,10,74.43,6.6,19.4,53.82,7.37,19.05
34,,250,50,11,74.88,6.53,19.56,54.75,7.12,18.92
35,,250,50,12,75.52,6.36,18.81,55.31,7.12,19.17
37,,250,50,14,76.33,6.33,18.78,56.06,7.18,18.97
38,,250,50,15,74.81,6.37,18.97,56.1,7.03,19.47
39,,250,50,16,75.19,6.64,19.21,53.89,7.55,19.61
40,,250,50,17,75.6,6.22,18.75,55.29,7.12,19.55
41,,250,50,18,74.13,6.92,19.28,53.72,7.4,19.3
42,,250,50,19,75.32,6.25,18.8,55.04,7.52,20.1
43,,250,50,20,74.18,6.69,19.64,53.31,7.68,19.36
52,,250,50,5,69.15,7.88,20.21,48.08,7.47,17.45
53,,250,50,6,68.61,7.31,19.22,46.26,6.17,15.9
54,,250,50,7,70.15,7.54,19.42,45.29,6.89,16.15
55,,250,50,8,69.23,8.16,20.2,45.86,7.37,16.65
56,,250,50,9,68.89,7.25,19.07,45.02,6.55,16.25
57,,250,50,10,71.36,7.63,19.5,45.19,6.95,15.96
58,,250,50,11,69.32,7.07,19.08,45.25,6.6,16.4
59,,250,50,12,69.77,7.48,19.37,45.02,6.55,16.25
60,,250,50,13,69.56,7.67,19.5,45.15,6.65,16.2
61,,250,50,14,69.43,7.26,19.28,45.12,6.5,16.45
62,,250,50,15,70.75,7.97,19.74,46.16,7.22,16.98
63,,250,50,16,69.95,7.87,19.56,46.24,6.6,16.65
64,,250,50,17,69.33,8.27,20.53,45.06,7.44,16.8
65,,250,50,18,68.51,7.7,19.55,43.39,6.51,15.74
66,,250,50,19,68.77,8.4,20.85,45.19,7.68,16.75
67,,250,50,20,69.46,7.77,19.44,45.93,6.6,16.32
4,,275,10,5,72.61,6.47,19.6,49.91,6.29,17.33
5,,275,10,6,70.3,7.15,20.58,45.36,6.69,16.6
6,,275,10,7,73.28,6.52,19.26,53.85,6.21,18.56
7,,275,10,8,71.78,6.49,19.26,55.38,7.09,19.32
8,,275,10,9,72.91,6.98,19.5,52.74,6.28,18.17
9,,275,10,10,71.53,6.74,19.53,54.04,6.6,18.68
10,,275,10,11,72.61,7.35,20.03,51.79,6.54,17.88
11,,275,10,12,72.23,6.54,19.37,54.12,6.23,18.43
12,,275,10,13,72.97,7.3,19.83,49.92,6.41,17.34
13,,275,10,14,72.44,6.71,19.5,53.97,6.19,17.93
14,,275,10,15,72.8,7.18,19.9,49.12,6.47,17.52
15,,275,10,16,71.92,6.59,19.53,51.13,6.18,17.56
16,,275,10,17,73.29,7.16,19.96,50.78,6.94,18.0
17,,275,10,18,72.8,6.86,19.54,52.76,6.29,17.97
18,,275,10,19,71.12,7.69,20.77,52.53,7.32,18.56
19,,275,10,20,72.91,7.11,19.73,54.82,6.98,18.87
28,,275,10,5,72.87,7.07,18.04,49.63,6.02,16.81
30,,275,10,7,73.03,6.86,17.63,49.74,5.47,16.1
31,,275,10,8,73.17,7.67,18.7,49.65,6.15,16.6
32,,275,10,9,73.61,7.34,18.35,50.22,5.67,16.31
33,,275,10,10,74.18,7.08,18.76,50.9,6.42,17.08
34,,275,10,11,72.86,8.4,20.02,52.79,7.38,17.46
35,,275,10,12,73.33,7.32,19.53,52.03,6.49,16.97
36,,275,10,13,73.17,7.98,19.27,52.83,6.3,16.98
37,,275,10,14,73.59,7.09,19.06,49.81,6.89,16.59
38,,275,10,15,73.72,7.42,18.93,52.8,5.95,16.97
39,,275,10,16,73.52,7.28,19.54,49.39,7.17,17.22
40,,275,10,17,73.3,7.4,19.35,50.64,6.91,17.24
41,,275,10,18,73.26,7.22,19.03,51.36,5.88,16.64
42,,275,10,19,73.62,7.2,19.48,49.64,6.53,17.27
43,,275,10,20,73.46,6.74,18.35,49.83,6.2,16.94
52,,275,10,5,74.17,6.06,18.96,55.75,6.41,19.06
53,,275,10,6,73.51,6.44,19.97,53.52,6.79,18.97
55,,275,10,8,71.05,6.77,20.58,48.3,6.26,17.47
56,,275,10,9,73.73,6.14,18.57,51.17,6.02,18.14
57,,275,10,10,72.85,6.16,19.33,49.11,6.47,17.75
58,,275,10,11,73.28,6.32,19.02,52.54,6.23,18.46
59,,275,10,12,71.99,6.35,19.69,51.47,6.28,18.22
60,,275,10,13,72.02,6.57,19.59,51.76,6.3,18.07
61,,275,10,14,72.31,6.32,19.41,51.48,6.4,18.22
62,,275,10,15,72.79,6.46,19.18,50.74,6.2,17.76
63,,275,10,16,71.75,6.47,19.72,50.39,6.35,17.53
64,,275,10,17,71.79,5.61,18.07,50.45,5.81,17.46
65,,275,10,18,71.47,6.9,20.71,48.73,6.63,17.51
66,,275,10,19,72.38,6.52,19.4,51.03,6.46,18.05
67,,275,10,20,71.63,6.88,20.5,49.25,6.95,17.71
76,,275,10,5,69.85,8.54,21.24,56.07,7.39,19.16
77,,275,10,6,70.68,8.27,21.21,55.27,7.48,19.05
78,,275,10,7,69.2,8.14,20.7,55.1,7.43,18.95
79,,275,10,8,69.86,8.68,21.25,51.56,7.61,18.48
80,,275,10,9,68.57,8.56,21.61,52.64,7.63,18.73
81,,275,10,10,68.87,8.51,21.18,52.47,7.25,17.99
82,,275,10,11,68.08,8.27,20.97,53.16,7.31,18.43
83,,275,10,12,69.23,8.4,21.33,52.88,7.41,18.78
84,,275,10,13,69.14,8.02,20.6,54.94,7.5,19.04
85,,275,10,14,67.85,8.19,20.83,53.14,7.42,18.83
86,,275,10,15,69.59,7.95,21.07,56.14,7.25,19.11
87,,275,10,16,70.31,8.22,21.05,55.51,7.49,19.1
88,,275,10,17,69.02,8.39,21.2,53.67,7.88,19.37
89,,275,10,18,68.81,8.59,21.34,55.11,7.96,19.54
91,,275,10,20,68.82,8.52,21.08,52.98,7.83,19.15
4,,275,20,5,68.05,7.94,20.07,42.7,6.2,14.71
5,,275,20,6,68.4,7.61,20.21,44.72,6.1,15.13
6,,275,20,7,67.75,7.79,20.08,43.05,6.04,14.81
7,,275,20,8,68.06,7.62,20.27,43.54,5.83,14.6
8,,275,20,9,67.51,7.62,20.06,41.82,5.93,14.26
9,,275,20,10,68.51,7.91,19.82,44.59,6.0,15.17
10,,275,20,11,67.51,7.91,20.35,39.99,5.71,13.29
11,,275,20,12,66.91,8.1,20.05,40.65,5.41,13.31
12,,275,20,13,67.6,8.2,20.34,44.14,6.2,15.13
13,,275,20,14,67.03,7.99,19.85,43.45,6.04,14.4
14,,275,20,15,67.04,8.22,20.13,44.72,6.4,15.39
15,,275,20,16,67.11,8.06,19.69,47.79,6.67,16.17
16,,275,20,17,67.19,8.16,20.29,44.81,6.2,15.58
17,,275,20,18,67.62,8.07,19.8,45.08,6.4,15.24
18,,275,20,19,66.62,8.25,20.22,44.82,6.5,15.85
19,,275,20,20,67.16,8.19,19.93,43.43,6.04,14.66
28,,275,20,5,69.28,7.08,20.41,46.67,6.27,16.43
29,,275,20,6,68.48,6.99,19.85,47.63,6.43,16.68
30,,275,20,7,70.11,7.0,19.96,46.46,6.5,16.54
31,,275,20,8,68.44,7.44,20.3,46.47,6.65,16.54
32,,275,20,9,70.22,6.98,19.9,45.8,6.21,16.11
33,,275,20,10,69.23,7.49,20.13,46.13,6.21,16.2
34,,275,20,11,70.78,7.16,19.74,47.51,6.47,16.97
35,,275,20,12,68.78,7.37,20.11,46.88,6.46,16.81
36,,275,20,13,70.19,7.21,19.94,45.81,6.5,16.37
37,,275,20,14,69.97,7.52,20.45,45.91,6.31,16.31
38,,275,20,15,68.66,7.39,20.3,43.99,6.55,15.98
39,,275,20,16,70.19,7.41,20.2,46.02,6.4,16.51
40,,275,20,17,69.32,7.17,20.04,42.77,6.14,15.47
41,,275,20,18,70.24,7.12,19.91,45.24,6.45,16.39
42,,275,20,19,67.81,7.22,20.11,43.86,6.3,15.77
43,,275,20,20,69.66,7.74,20.52,45.47,6.35,16.28
52,,275,20,5,72.52,7.3,21.28,40.29,7.01,14.4
53,,275,20,6,73.06,5.84,19.4,41.16,6.22,14.54
54,,275,20,7,71.58,7.49,21.29,39.19,6.64,13.65
55,,275,20,8,73.35,5.8,19.35,40.51,6.17,14.25
56,,275,20,9,73.47,6.83,20.47,40.67,6.98,14.81
57,,275,20,10,72.82,5.62,19.07,40.38,5.71,13.71
58,,275,20,11,73.68,6.33,20.18,40.65,6.81,14.8
59,,275,20,12,71.43,6.31,19.76,40.21,5.41,13.76
60,,275,20,13,73.25,5.81,19.51,41.13,6.04,14.83
61,,275,20,14,68.44,7.26,20.9,39.01,6.16,13.7
62,,275,20,15,72.8,5.73,19.52,40.6,5.76,14.47
63,,275,20,16,67.76,7.27,21.03,39.16,5.91,13.33
64,,275,20,17,72.61,5.77,19.41,39.94,5.53,13.87
65,,275,20,18,69.72,7.27,20.68,38.47,6.05,13.0
66,,275,20,19,71.97,5.47,18.83,39.26,5.28,13.25
67,,275,20,20,68.88,7.37,21.03,39.45,6.14,13.52
4,,275,30,5,67.76,6.45,21.57,44.97,6.24,16.76
5,,275,30,6,66.58,7.12,22.1,45.87,7.31,18.12
6,,275,30,7,67.28,7.33,22.22,37.65,4.43,12.29
7,,275,30,8,65.18,7.2,21.58,38.38,5.09,13.28
8,,275,30,9,66.4,6.98,20.98,34.01,2.44,9.1
10,,275,30,11,63.45,6.71,20.54,33.49,1.91,8.52
11,,275,30,12,62.81,7.07,20.79,33.51,2.64,8.88
12,,275,30,13,67.78,7.39,21.67,39.11,4.97,13.0
13,,275,30,14,68.48,7.53,21.53,38.12,4.44,12.14
14,,275,30,15,66.64,7.3,21.42,37.98,4.7,12.2
15,,275,30,16,66.76,7.58,21.64,37.99,5.09,12.52
17,,275,30,18,64.78,7.65,21.73,34.72,3.34,9.63
18,,275,30,19,65.47,6.92,20.42,32.49,2.57,7.7
19,,275,30,20,66.99,7.07,21.05,34.06,3.15,9.12
28,,275,30,5,70.56,7.23,20.8,44.2,6.14,15.85
29,,275,30,6,70.1,7.47,20.84,48.33,6.67,17.49
30,,275,30,7,70.3,7.01,20.32,41.14,5.87,14.53
31,,275,30,8,69.79,7.55,20.79,44.45,6.65,16.28
32,,275,30,9,71.23,7.03,20.51,41.65,5.98,14.87
33,,275,30,10,70.0,7.77,21.18,45.22,6.74,16.92
34,,275,30,11,70.09,7.19,20.58,41.51,5.87,14.93
35,,275,30,12,69.51,7.6,20.95,44.45,6.5,16.02
36,,275,30,13,71.39,6.94,20.3,43.61,6.09,15.61
37,,275,30,14,69.29,7.79,21.22,45.35,6.4,16.33
38,,275,30,15,71.12,6.71,20.19,43.03,5.71,14.8
39,,275,30,16,70.51,7.38,20.84,45.78,6.35,16.61
40,,275,30,17,70.72,6.93,20.32,43.13,5.82,15.29
41,,275,30,18,69.85,7.68,20.89,45.25,6.6,16.4
42,,275,30,19,71.03,7.21,20.64,43.37,6.19,15.72
43,,275,30,20,69.19,7.54,20.76,45.57,6.45,16.48
52,,275,30,5,65.57,8.33,19.86,45.21,6.95,15.71
53,,275,30,6,67.93,8.44,19.94,42.84,5.82,14.11
54,,275,30,7,66.75,7.92,19.6,41.16,5.36,13.67
55,,275,30,8,67.03,7.77,19.57,41.02,5.59,14.01
56,,275,30,9,67.18,8.42,19.95,40.15,6.19,13.54
57,,275,30,10,67.81,7.34,19.38,39.26,5.28,13.25
58,,275,30,11,66.43,8.48,19.83,40.01,6.25,13.6
59,,275,30,12,67.6,7.76,19.78,36.52,4.76,11.13
60,,275,30,13,66.4,8.47,20.23,41.46,6.61,14.44
61,,275,30,14,68.15,7.62,19.85,38.87,5.66,13.13
62,,275,30,15,66.29,8.51,20.16,43.42,6.82,15.75
63,,275,30,16,67.86,7.39,19.61,39.0,5.41,13.07
64,,275,30,17,65.63,9.0,20.84,44.74,7.3,16.19
65,,275,30,18,67.87,7.69,19.88,39.69,5.47,13.39
66,,275,30,19,66.17,8.84,20.66,43.1,7.0,15.11
67,,275,30,20,68.57,7.43,19.98,40.79,5.88,13.84
6,,275,40,7,65.46,7.71,19.85,38.85,5.47,13.12
7,,275,40,8,66.27,7.28,18.87,38.28,4.58,12.09
8,,275,40,9,66.55,7.81,19.82,38.15,5.22,12.47
9,,275,40,10,66.79,7.6,19.42,37.25,4.42,11.51
10,,275,40,11,65.17,7.48,19.3,37.71,4.23,11.36
11,,275,40,12,66.02,7.65,19.55,37.88,4.77,11.64
12,,275,40,13,66.02,7.57,19.41,41.55,5.36,13.79
13,,275,40,14,66.32,7.57,19.39,41.04,5.24,13.43
14,,275,40,15,66.77,7.37,19.4,41.18,5.36,13.39
15,,275,40,16,65.41,7.5,19.32,39.01,5.04,12.46
17,,275,40,18,67.49,7.72,19.58,43.09,5.72,14.01
18,,275,40,19,66.14,7.85,19.77,39.73,5.47,12.81
19,,275,40,20,66.03,7.81,19.56,39.86,5.59,13.05
28,,275,40,5,71.77,7.74,21.09,38.71,5.54,13.18
29,,275,40,6,72.18,7.6,20.85,42.07,6.48,15.0
30,,275,40,7,71.64,7.91,21.08,38.84,5.28,13.12
31,,275,40,8,71.59,7.66,20.62,42.04,6.15,14.99
32,,275,40,9,72.64,7.46,20.57,40.5,6.0,14.25
33,,275,40,10,70.99,7.8,20.51,41.03,5.93,14.31
34,,275,40,11,72.13,7.61,20.88,40.08,5.83,14.12
35,,275,40,12,70.4,7.57,20.45,39.13,5.53,13.32
36,,275,40,13,72.2,8.13,21.35,38.71,5.54,13.18
37,,275,40,14,71.19,7.95,20.88,39.99,5.89,13.59
38,,275,40,15,72.33,7.83,21.24,37.54,5.09,12.37
39,,275,40,16,71.37,7.69,20.98,39.58,5.9,13.46
40,,275,40,17,71.67,7.89,21.28,38.15,5.22,12.47
41,,275,40,18,71.42,7.62,20.82,38.44,5.29,12.67
42,,275,40,19,72.32,7.76,21.23,39.0,5.41,13.07
43,,275,40,20,71.73,7.49,20.63,39.0,5.41,13.07
52,,275,40,5,75.26,5.24,19.12,49.07,6.2,17.96
53,,275,40,6,72.31,6.54,20.54,44.85,6.29,16.82
54,,275,40,7,74.83,5.15,19.13,45.41,5.6,16.25
55,,275,40,8,72.98,6.32,19.82,40.99,5.76,14.59
56,,275,40,9,74.15,5.43,19.21,45.95,5.96,16.99
57,,275,40,10,72.6,6.39,19.7,40.44,5.46,14.52
58,,275,40,11,73.61,5.74,19.84,43.69,5.72,15.8
59,,275,40,12,71.42,6.44,20.0,39.81,5.41,13.63
60,,275,40,13,74.86,5.36,19.03,43.21,5.44,15.49
61,,275,40,14,72.86,6.19,19.97,40.59,5.58,14.47
62,,275,40,15,74.36,5.39,19.5,44.28,5.78,16.05
63,,275,40,16,72.66,5.53,19.79,42.37,5.81,15.36
64,,275,40,17,75.22,5.5,19.37,44.5,5.99,16.46
65,,275,40,18,71.75,6.43,20.38,41.24,5.64,14.75
66,,275,40,19,73.82,5.6,19.29,42.25,5.37,14.85
67,,275,40,20,72.08,6.62,21.01,41.26,6.16,15.06
4,,275,50,5,70.47,7.43,20.05,36.64,5.1,12.05
5,,275,50,6,71.46,7.18,19.62,37.51,5.29,13.01
6,,275,50,7,69.75,6.94,19.67,42.86,5.6,15.39
7,,275,50,8,71.04,7.25,19.84,43.11,5.82,15.56
9,,275,50,10,70.67,6.98,19.55,42.49,5.59,15.29
10,,275,50,11,70.37,6.98,19.36,43.71,5.87,15.81
11,,275,50,12,73.32,7.37,19.76,43.6,5.93,15.6
12,,275,50,13,73.18,7.27,19.61,43.83,5.67,15.48
13,,275,50,14,70.12,7.46,19.65,38.52,5.22,13.54
14,,275,50,15,70.1,7.1,19.51,40.74,5.53,14.12
15,,275,50,16,70.08,6.95,19.62,39.5,5.16,13.74
16,,275,50,17,71.4,6.84,19.39,40.47,5.64,14.24
17,,275,50,18,71.95,6.67,19.31,38.85,5.47,13.12
18,,275,50,19,69.65,7.18,19.99,40.46,5.82,14.53
19,,275,50,20,71.29,7.0,19.57,40.08,5.83,14.12
28,,275,50,5,74.22,6.15,18.43,40.46,5.82,14.53
29,,275,50,6,74.31,5.89,18.05,38.99,5.6,13.37
30,,275,50,7,74.27,6.71,19.08,39.8,6.13,14.55
31,,275,50,8,73.31,6.53,18.82,39.43,5.96,13.52
32,,275,50,9,74.13,6.86,19.17,40.07,6.18,14.73
33,,275,50,10,73.33,6.87,18.95,39.13,6.09,13.94
34,,275,50,11,72.8,7.28,19.38,40.61,5.94,14.48
35,,275,50,12,72.6,7.12,19.14,40.23,5.94,14.07
36,,275,50,13,69.75,7.61,19.87,40.34,6.06,14.6
37,,275,50,14,70.2,6.38,18.69,40.06,5.29,13.81
38,,275,50,15,71.38,6.33,18.23,36.94,4.76,11.94
39,,275,50,16,73.52,6.33,18.28,37.68,4.83,12.3
40,,275,50,17,73.36,6.6,18.8,38.84,5.28,13.12
41,,275,50,18,73.22,6.94,19.23,40.09,6.01,14.13
42,,275,50,19,73.03,7.49,19.93,41.05,6.79,14.91
43,,275,50,20,70.89,7.93,19.89,38.98,5.41,13.37
52,,275,50,5,72.28,7.61,21.57,43.33,7.13,17.41
54,,275,50,7,73.16,7.03,20.23,41.64,6.65,15.76
55,,275,50,8,74.33,6.84,19.07,42.13,6.58,16.07
56,,275,50,9,71.29,7.42,20.99,39.93,6.25,14.8
57,,275,50,10,75.3,7.06,19.61,41.65,6.82,15.76
58,,275,50,11,70.45,7.45,21.12,39.23,6.39,14.82
59,,275,50,12,74.0,6.92,19.76,40.98,6.45,15.49
60,,275,50,13,71.87,6.86,19.92,41.37,6.61,15.88
61,,275,50,14,72.21,7.12,20.43,42.38,6.63,16.23
62,,275,50,15,71.18,7.34,20.24,42.88,6.89,16.54
63,,275,50,16,71.27,7.15,20.85,41.77,7.09,16.29
64,,275,50,17,73.79,7.1,19.58,43.59,7.02,16.99
65,,275,50,18,71.14,7.32,20.83,41.35,6.6,16.18
66,,275,50,19,73.17,7.33,19.84,42.27,7.02,16.31
67,,275,50,20,70.44,7.58,21.5,39.93,6.6,15.11
4,,300,10,5,73.4,6.97,19.46,35.83,3.97,10.98
5,,300,10,6,74.45,6.99,19.54,36.93,4.35,11.61
6,,300,10,7,68.98,6.2,19.63,35.02,3.65,10.55
7,,300,10,8,71.09,5.56,18.4,39.62,3.8,12.76
8,,300,10,9,72.3,6.75,19.35,40.88,4.94,13.48
9,,300,10,10,72.73,6.79,19.68,43.49,5.35,14.84
10,,300,10,11,70.81,6.53,19.2,36.18,3.84,10.56
11,,300,10,12,72.78,6.78,19.76,38.95,4.46,12.74
12,,300,10,13,72.37,6.9,20.1,39.4,4.85,12.89
13,,300,10,14,70.8,7.21,20.19,39.13,5.16,13.0
14,,300,10,15,71.09,6.04,19.01,37.81,3.77,11.61
15,,300,10,16,70.85,6.31,19.04,37.81,3.77,11.61
16,,300,10,17,71.57,7.79,19.63,36.17,4.05,10.88
17,,300,10,18,72.61,7.32,19.26,37.11,4.69,11.57
18,,300,10,19,72.56,7.53,19.53,37.38,4.96,12.42
19,,300,10,20,71.58,7.73,19.4,39.0,5.78,13.38
28,,300,10,5,72.9,7.55,20.44,41.81,6.1,14.54
29,,300,10,6,71.94,7.91,21.13,43.27,6.25,15.51
30,,300,10,7,72.51,7.49,20.32,39.97,5.71,13.58
31,,300,10,8,72.04,7.7,20.82,41.43,6.1,14.43
32,,300,10,9,72.06,7.58,20.35,38.58,5.22,12.62
33,,300,10,10,72.09,7.69,20.79,42.92,6.25,15.14
34,,300,10,11,71.05,7.89,21.29,39.54,5.71,13.75
35,,300,10,12,71.57,7.72,20.98,42.67,6.36,15.26
36,,300,10,13,70.86,7.4,20.42,39.55,5.9,13.76
37,,300,10,14,72.34,7.51,20.64,43.85,6.6,16.31
38,,300,10,15,71.57,7.26,20.35,40.09,6.18,14.43
39,,300,10,16,70.92,7.8,20.9,44.44,6.35,16.01
40,,300,10,17,71.2,7.69,20.38,40.64,6.11,14.19
41,,300,10,18,71.32,7.57,20.76,44.48,6.8,16.03
42,,300,10,19,71.07,7.83,20.93,41.53,6.21,14.94
43,,300,10,20,71.94,7.59,20.64,47.4,6.52,17.02
53,,300,10,6,67.0,7.79,21.0,50.22,6.93,17.87
54,,300,10,7,67.46,8.04,21.29,50.98,7.36,18.35
55,,300,10,8,67.64,7.7,20.76,46.65,6.69,17.17
56,,300,10,9,67.3,7.86,20.97,52.16,7.11,18.54
57,,300,10,10,68.14,7.57,20.72,48.13,6.75,17.36
58,,300,10,11,66.88,8.11,21.5,47.92,7.37,18.21
59,,300,10,12,67.29,8.08,21.39,43.03,6.51,15.64
61,,300,10,14,67.7,8.06,21.15,45.47,6.64,16.54
63,,300,10,16,67.25,8.4,21.58,47.97,7.25,17.26
64,,300,10,17,66.56,8.3,21.18,49.56,7.21,17.79
65,,300,10,18,67.46,8.04,21.29,48.46,7.03,17.45
66,,300,10,19,66.44,8.55,21.68,48.37,7.2,17.51
67,,300,10,20,67.36,8.0,21.08,44.34,6.55,16.07
76,,300,10,5,70.68,8.07,20.83,48.56,6.19,16.46
77,,300,10,6,69.21,7.55,20.5,47.29,5.87,16.34
78,,300,10,7,71.32,7.97,21.27,49.44,6.61,17.37
79,,300,10,8,68.82,7.06,19.93,48.5,5.91,17.12
80,,300,10,9,71.13,7.96,21.03,50.5,7.06,18.16
81,,300,10,10,67.85,7.2,20.34,48.6,6.67,18.02
82,,300,10,11,70.62,7.74,20.47,49.51,6.95,18.23
83,,300,10,12,66.83,7.46,20.41,44.61,5.78,16.4
84,,300,10,13,69.83,7.57,20.17,42.87,6.08,15.68
85,,300,10,14,68.36,7.27,19.58,40.17,5.4,14.35
86,,300,10,15,68.67,7.54,20.31,40.01,5.46,14.71
87,,300,10,16,69.19,7.44,19.78,39.09,5.53,13.93
88,,300,10,17,68.02,7.56,20.04,38.24,5.35,13.35
89,,300,10,18,67.97,7.51,19.81,37.79,5.16,13.21
90,,300,10,19,68.0,7.99,20.85,42.11,5.75,15.48
91,,300,10,20,69.1,7.29,20.17,42.59,5.7,15.79
100,,300,10,5,74.73,6.58,19.04,42.27,5.7,14.86
101,,300,10,6,76.69,6.51,18.33,42.13,5.26,14.62
102,,300,10,7,75.07,6.61,18.97,40.88,5.47,14.06
103,,300,10,8,75.86,6.64,18.87,39.95,5.17,13.27
104,,300,10,9,75.06,6.91,19.41,42.39,5.81,15.08
105,,300,10,10,75.7,6.34,18.81,42.4,5.98,15.09
106,,300,10,11,74.68,7.02,19.73,43.61,6.09,15.61
107,,300,10,12,75.74,6.33,18.79,43.01,5.39,14.79
108,,300,10,13,74.11,6.97,19.72,40.86,5.47,14.35
109,,300,10,14,76.34,6.28,18.58,42.01,5.48,14.69
110,,300,10,15,74.44,6.68,19.3,44.78,6.19,16.1
111,,300,10,16,75.24,6.7,19.19,45.34,6.25,16.33
112,,300,10,17,74.3,7.01,19.72,43.38,6.03,15.45
113,,300,10,18,74.05,6.91,19.74,44.54,5.99,15.94
114,,300,10,19,74.26,6.83,19.41,44.77,5.89,15.83
115,,300,10,20,74.81,6.81,19.53,45.99,6.54,17.01
124,,300,10,5,71.6,8.08,19.54,48.05,6.26,16.47
125,,300,10,6,72.24,7.87,19.63,57.4,7.02,18.79
126,,300,10,7,72.0,8.05,19.66,48.49,6.37,16.28
127,,300,10,8,71.86,7.99,20.06,52.97,6.69,17.9
128,,300,10,9,71.84,8.02,19.63,48.25,6.31,16.6
129,,300,10,10,71.65,7.96,20.17,52.9,6.73,17.74
130,,300,10,11,71.74,8.04,19.68,46.59,6.18,15.99
131,,300,10,12,68.94,8.71,21.29,48.48,6.5,16.51
132,,300,10,13,71.69,8.11,19.83,46.82,6.09,15.65
133,,300,10,14,69.49,8.48,19.98,47.35,6.15,15.88
134,,300,10,15,71.77,8.15,20.13,48.39,6.68,16.57
135,,300,10,16,70.28,8.15,19.77,47.57,6.48,16.03
136,,300,10,17,71.75,7.98,19.45,46.5,6.37,15.81
137,,300,10,18,69.64,8.29,20.0,42.94,5.77,14.32
139,,300,10,20,68.47,7.93,19.6,48.45,5.83,16.26
4,,300,20,5,67.68,8.27,20.05,34.21,3.54,9.76
5,,300,20,6,68.3,8.18,20.09,34.58,4.54,10.38
6,,300,20,7,67.43,8.22,19.42,32.1,2.46,7.76
7,,300,20,8,68.54,8.14,19.71,32.48,2.82,8.06
8,,300,20,9,66.61,8.29,19.59,32.82,3.41,9.06
9,,300,20,10,68.03,8.34,20.0,33.85,3.45,9.85
10,,300,20,11,67.22,7.58,19.07,33.52,3.6,9.59
11,,300,20,12,68.19,8.07,19.89,32.98,3.09,9.01
12,,300,20,13,67.46,7.75,19.23,32.61,2.24,8.36
13,,300,20,14,67.58,8.02,19.57,31.88,2.53,8.15
14,,300,20,15,67.71,7.52,19.45,34.18,3.54,10.1
15,,300,20,16,67.06,8.08,19.59,34.69,4.01,10.65
16,,300,20,17,67.36,7.6,19.63,33.36,3.19,8.93
17,,300,20,18,68.12,7.35,19.1,33.5,2.88,9.23
18,,300,20,19,66.24,7.73,19.84,32.1,2.46,7.76
19,,300,20,20,67.62,7.56,19.12,32.86,2.43,7.64
28,,300,20,5,66.24,7.69,20.76,33.5,4.07,10.31
30,,300,20,7,64.5,7.07,19.46,31.13,1.76,7.17
31,,300,20,8,68.14,7.97,20.52,31.69,2.08,7.81
32,,300,20,9,65.68,8.1,20.71,30.55,0.88,6.13
33,,300,20,10,66.58,8.6,21.33,32.25,2.64,8.44
34,,300,20,11,66.23,8.25,20.83,31.49,1.62,7.47
35,,300,20,12,65.64,8.39,21.72,31.34,1.43,6.78
36,,300,20,13,66.3,8.35,21.6,30.31,1.78,7.29
37,,300,20,14,66.15,8.64,21.59,31.67,1.82,7.81
38,,300,20,15,65.99,8.13,21.48,33.69,4.23,10.27
39,,300,20,16,65.51,8.5,21.95,33.19,3.75,9.34
40,,300,20,17,66.03,7.87,21.43,33.29,3.67,10.35
42,,300,20,19,66.38,7.77,21.49,34.17,4.46,11.17
43,,300,20,20,66.34,7.49,20.81,34.35,3.7,10.4
52,,300,20,5,69.18,8.18,20.11,31.53,2.68,7.86
53,,300,20,6,70.87,7.72,19.87,34.54,4.31,10.71
54,,300,20,7,68.72,8.13,20.35,33.72,3.53,9.21
55,,300,20,8,69.8,7.73,20.09,34.38,4.16,10.42
56,,300,20,9,67.3,8.13,20.36,35.04,4.32,10.9
57,,300,20,10,68.34,8.17,20.19,35.55,4.32,10.76
58,,300,20,11,67.98,8.31,20.77,35.38,4.39,10.81
59,,300,20,12,69.37,8.04,20.48,35.37,4.17,10.8
60,,300,20,13,67.98,8.67,21.33,33.88,3.92,9.86
61,,300,20,14,69.86,7.79,20.07,33.36,3.19,8.93
62,,300,20,15,69.45,8.32,20.34,34.07,4.08,9.82
63,,300,20,16,69.8,7.87,20.22,35.71,4.9,11.38
64,,300,20,17,69.06,7.64,19.51,34.72,4.01,10.32
65,,300,20,18,70.18,8.0,20.27,36.46,4.55,11.77
66,,300,20,19,68.84,7.83,19.89,33.19,3.02,8.62
67,,300,20,20,69.71,7.97,20.17,34.4,4.16,10.07
4,,300,30,5,72.28,7.94,20.61,34.38,3.47,9.72
5,,300,30,6,71.82,7.83,20.51,34.55,3.4,9.67
6,,300,30,7,71.51,8.09,20.95,35.2,3.8,10.5
8,,300,30,9,72.28,8.0,20.73,32.99,2.36,8.29
9,,300,30,10,71.87,7.95,20.73,33.37,2.47,8.23
10,,300,30,11,72.07,7.98,20.73,33.18,2.05,7.91
11,,300,30,12,72.01,7.66,20.39,33.88,2.75,8.81
12,,300,30,13,72.07,7.91,20.61,33.32,2.22,8.56
13,,300,30,14,72.43,7.59,20.15,35.04,3.65,10.21
14,,300,30,15,72.4,7.83,20.86,33.52,2.4,8.53
15,,300,30,16,70.79,8.05,20.76,35.35,3.51,10.45
16,,300,30,17,72.51,7.37,20.08,33.17,2.29,8.26
17,,300,30,18,70.54,7.7,20.16,34.54,3.17,9.67
18,,300,30,19,72.23,8.08,20.77,34.54,3.17,9.67
19,,300,30,20,70.89,7.75,20.44,35.52,3.89,10.74
28,,300,30,5,68.59,8.07,22.29,30.13,1.29,6.55
29,,300,30,6,67.51,8.05,22.43,31.47,2.15,8.21
30,,300,30,7,68.07,7.54,21.77,29.93,0.5,5.81
31,,300,30,8,68.17,8.19,22.05,32.61,2.74,8.72
32,,300,30,9,68.51,7.5,21.89,30.12,0.72,6.17
33,,300,30,10,68.2,8.38,22.7,31.1,2.3,7.92
34,,300,30,11,68.76,7.92,22.93,30.3,1.22,6.9
35,,300,30,12,68.58,8.06,22.42,31.68,2.34,8.18
36,,300,30,13,70.59,7.37,22.09,31.3,2.22,7.88
38,,300,30,15,68.99,8.01,22.92,31.09,1.22,7.16
39,,300,30,16,67.5,8.04,22.57,31.48,2.41,8.22
40,,300,30,17,70.84,7.72,22.7,31.49,1.62,7.47
41,,300,30,18,67.09,8.0,22.55,31.29,2.49,8.26
42,,300,30,19,70.06,7.83,22.72,31.13,1.76,7.17
43,,300,30,20,67.33,7.94,22.4,31.68,2.34,8.18
52,,300,30,5,70.98,6.9,21.1,31.65,2.34,8.55
53,,300,30,6,68.2,7.16,21.02,31.12,1.22,6.8
54,,300,30,7,70.41,7.16,21.34,30.71,1.63,7.23
55,,300,30,8,67.17,6.8,20.53,29.75,-0.01,5.08
56,,300,30,9,67.97,6.88,21.5,31.24,0.88,7.48
57,,300,30,10,70.26,7.33,21.45,31.68,1.03,7.07
58,,300,30,11,70.31,6.7,20.64,33.98,3.14,10.14
59,,300,30,12,70.26,7.26,21.32,31.87,1.49,7.41
60,,300,30,13,72.27,7.47,21.56,33.11,3.02,9.67
61,,300,30,14,71.04,6.9,20.95,30.73,0.53,6.11
62,,300,30,15,69.76,7.26,20.77,32.59,1.99,8.35
63,,300,30,16,68.95,7.65,21.27,31.29,1.15,7.13
64,,300,30,17,70.34,7.1,19.97,32.57,2.49,9.07
65,,300,30,18,69.6,7.15,20.6,30.71,1.08,6.84
66,,300,30,19,70.35,7.07,20.54,31.7,2.34,7.82
67,,300,30,20,70.84,6.78,19.9,29.92,0.79,6.19
4,,300,40,5,73.98,6.5,18.79,33.68,2.81,9.18
5,,300,40,6,71.47,6.37,18.41,32.27,1.62,7.36
6,,300,40,7,69.92,7.26,19.97,33.65,2.81,9.53
7,,300,40,8,72.39,7.28,19.59,33.98,2.44,9.43
8,,300,40,9,73.22,6.81,19.11,33.65,2.81,9.53
9,,300,40,10,71.99,6.36,18.27,31.87,0.96,7.05
10,,300,40,11,70.34,8.16,20.56,33.65,3.28,9.89
11,,300,40,12,71.64,7.89,20.17,32.76,2.17,8.67
12,,300,40,13,70.14,6.67,19.09,33.97,2.67,9.78
13,,300,40,14,68.77,7.58,20.5,34.84,3.27,10.25
14,,300,40,15,71.73,7.32,21.18,34.13,3.07,10.43
15,,300,40,16,71.08,6.66,18.52,30.69,0.8,6.83
16,,300,40,17,67.14,8.14,21.09,31.46,1.62,7.83
17,,300,40,18,71.55,7.11,20.46,31.48,1.89,7.84
18,,300,40,19,71.5,6.29,18.61,31.86,1.23,7.4
19,,300,40,20,67.08,8.22,21.27,32.55,1.73,8.7
28,,300,40,5,76.74,6.93,18.74,34.58,3.41,9.34
29,,300,40,6,75.92,6.35,18.22,35.83,3.97,10.98
30,,300,40,7,76.87,6.73,18.55,34.55,2.95,9.33
31,,300,40,8,75.18,6.43,18.39,35.2,3.14,9.83
32,,300,40,9,76.79,6.75,18.4,34.55,2.95,9.33
33,,300,40,10,76.14,6.62,18.62,34.7,2.65,9.28
34,,300,40,11,77.04,6.6,18.45,34.68,3.11,9.96
35,,300,40,12,75.11,6.72,19.16,34.71,3.11,9.62
36,,300,40,13,76.63,6.68,18.77,35.32,3.51,10.78
37,,300,40,14,75.02,7.1,19.66,35.19,3.36,10.16
38,,300,40,15,77.14,6.5,18.77,35.52,3.89,10.74
39,,300,40,16,75.52,6.83,18.66,35.37,3.52,10.12
40,,300,40,17,75.98,6.5,18.88,36.0,3.9,10.93
41,,300,40,18,74.98,6.93,19.36,35.36,3.29,10.12
42,,300,40,19,74.42,7.47,20.65,37.95,4.31,12.18
43,,300,40,20,72.38,8.04,22.25,36.0,3.26,10.27
52,,300,40,5,67.08,6.84,20.2,30.73,0.53,6.11
53,,300,40,6,65.57,6.8,20.63,30.14,-0.42,5.05
54,,300,40,7,67.02,6.55,19.95,31.68,0.23,6.35
55,,300,40,8,65.59,6.81,20.35,30.89,0.74,6.81
56,,300,40,9,66.64,6.66,19.65,31.54,0.56,6.04
57,,300,40,10,65.73,7.18,20.58,31.71,1.56,7.09
58,,300,40,11,64.83,7.03,20.1,30.7,0.53,6.46
59,,300,40,12,66.55,6.73,20.22,31.48,1.09,7.1
60,,300,40,13,63.95,7.19,20.32,30.91,1.02,6.82
61,,300,40,14,64.77,7.21,20.29,31.11,0.95,6.79
62,,300,40,15,63.51,7.15,20.12,30.92,1.29,6.82
63,,300,40,16,64.78,7.29,20.3,30.53,0.59,6.13
64,,300,40,17,64.29,7.27,20.14,30.71,0.25,6.1
65,,300,40,18,64.06,6.66,19.92,30.93,0.47,6.09
66,,300,40,19,65.04,7.23,20.02,30.9,0.47,6.44
67,,300,40,20,63.4,7.45,20.21,31.11,1.49,7.16
4,,300,50,5,74.24,7.13,20.08,31.91,0.71,6.35
5,,300,50,6,75.09,7.22,20.87,31.91,1.23,6.71
6,,300,50,7,74.39,7.24,20.12,31.33,0.35,6.05
7,,300,50,8,74.81,7.26,20.93,31.11,0.13,6.06
8,,300,50,9,74.59,6.91,19.56,31.88,0.7,6.69
9,,300,50,10,75.17,7.11,20.19,31.5,0.82,6.74
10,,300,50,11,74.77,6.94,19.67,32.22,0.84,7.34
11,,300,50,12,74.61,7.31,20.53,32.22,0.84,7.34
12,,300,50,13,75.02,7.34,20.0,31.48,0.55,6.73
13,,300,50,14,74.04,7.46,20.76,31.68,0.23,6.35
14,,300,50,15,74.76,7.36,20.34,30.95,0.75,6.09
15,,300,50,16,74.09,7.24,21.02,30.56,0.04,5.4
16,,300,50,17,72.84,7.55,20.58,31.66,0.76,7.06
17,,300,50,18,74.47,7.46,20.62,31.53,0.83,6.39
18,,300,50,19,72.78,7.43,20.6,31.69,1.29,7.08
19,,300,50,20,73.8,7.44,20.68,32.06,1.42,7.38
28,,300,50,5,70.24,8.46,20.89,30.91,0.19,6.08
29,,300,50,6,71.46,7.51,20.11,30.92,0.74,6.45
30,,300,50,7,72.91,8.01,19.52,30.13,-0.13,5.42
31,,300,50,8,71.52,8.46,20.53,30.33,-0.76,5.03
32,,300,50,9,72.63,7.47,19.16,29.55,-0.24,4.72
33,,300,50,10,73.68,7.49,18.96,30.16,-0.7,4.69
34,,300,50,11,72.76,7.73,19.02,30.31,0.37,6.14
35,,300,50,12,72.68,7.49,18.5,29.93,-0.95,4.69
36,,300,50,13,72.18,7.22,18.82,31.88,2.01,7.78
37,,300,50,14,72.72,7.19,18.87,31.28,0.61,6.76
38,,300,50,15,73.38,7.98,19.69,30.33,0.66,6.15
39,,300,50,16,72.29,8.12,19.85,30.95,0.75,6.09
40,,300,50,17,73.72,6.91,18.25,32.43,2.06,8.04
41,,300,50,18,74.2,7.4,19.0,30.91,1.02,6.82
42,,300,50,19,72.65,7.18,19.23,31.45,2.41,8.59
43,,300,50,20,71.96,7.57,19.63,31.49,1.62,7.47
52,,300,50,5,72.41,7.84,20.75,32.56,1.99,8.7
53,,300,50,6,73.65,7.65,21.01,33.51,2.64,8.88
54,,300,50,7,71.75,8.03,21.03,31.86,1.23,7.4
55,,300,50,8,73.12,7.74,21.11,32.26,1.1,7.0
56,,300,50,9,71.69,7.77,20.8,32.25,1.36,7.35
57,,300,50,10,72.28,7.65,20.91,32.44,1.3,7.32
58,,300,50,11,71.44,7.89,20.96,32.05,1.16,7.37
59,,300,50,12,71.61,7.83,21.43,32.43,1.55,7.67
60,,300,50,13,71.33,7.85,20.9,32.06,0.9,7.02
61,,300,50,14,71.71,7.55,20.99,32.43,2.06,8.04
62,,300,50,15,70.77,7.7,20.62,32.05,1.16,7.37
63,,300,50,16,71.72,7.55,20.87,33.0,1.62,7.59
64,,300,50,17,70.62,7.74,20.59,31.69,1.29,7.08
65,,300,50,18,71.83,7.6,20.82,32.64,1.49,7.3
66,,300,50,19,70.76,7.7,20.74,32.05,1.16,7.37
67,,300,50,20,71.61,7.37,20.68,32.61,2.24,8.36
4,,325,10,5,74.71,8.89,19.02,35.85,4.18,10.98
5,,325,10,6,73.18,9.35,18.8,36.45,4.34,11.76
6,,325,10,7,74.85,8.5,18.5,35.7,4.04,10.7
7,,325,10,8,74.36,9.09,18.92,37.09,4.69,11.88
8,,325,10,9,74.94,8.6,18.77,35.2,3.8,10.5
9,,325,10,10,74.0,9.3,18.81,37.36,4.76,12.41
10,,325,10,11,74.51,8.85,19.12,35.99,4.12,11.26
11,,325,10,12,73.82,9.13,19.09,37.5,4.49,12.35
12,,325,10,13,74.44,8.88,18.85,36.92,4.55,11.93
13,,325,10,14,74.94,8.72,18.89,40.43,5.11,14.22
14,,325,10,15,73.37,9.43,19.04,36.46,3.92,11.1
15,,325,10,16,74.19,8.98,19.2,37.95,4.5,12.5
16,,325,10,17,71.67,10.25,20.12,34.21,3.08,9.41
17,,325,10,18,73.72,8.9,18.79,36.13,3.41,10.86
18,,325,10,19,73.88,9.24,19.18,34.89,3.27,9.59
19,,325,10,20,74.17,9.31,19.25,36.32,3.77,10.83
28,,325,10,5,73.4,7.41,20.04,42.15,5.09,14.07
29,,325,10,6,76.34,6.55,18.32,38.38,3.93,12.02
30,,325,10,7,72.93,7.47,20.63,41.25,5.3,14.17
31,,325,10,8,75.47,6.83,18.79,37.65,4.03,11.97
32,,325,10,9,73.02,7.38,20.57,39.91,4.8,13.56
33,,325,10,10,75.92,6.65,18.64,37.04,3.66,11.54
34,,325,10,11,73.23,7.29,20.34,38.38,4.51,12.65
35,,325,10,12,76.37,6.66,18.61,35.97,3.47,10.91
36,,325,10,13,73.0,7.15,19.9,36.76,3.79,11.32
37,,325,10,14,75.03,6.68,18.89,33.84,2.98,9.49
38,,325,10,15,74.01,7.17,20.0,36.13,3.83,11.2
39,,325,10,16,75.18,6.73,18.83,34.04,3.61,9.81
40,,325,10,17,73.62,7.23,20.22,37.21,3.81,11.49
41,,325,10,18,75.04,6.69,18.79,35.94,3.47,11.24
42,,325,10,19,74.26,6.89,19.52,39.25,4.16,12.33
43,,325,10,20,74.51,6.75,19.07,36.43,3.7,11.42
52,,325,10,5,75.55,7.67,18.65,46.01,5.68,15.74
53,,325,10,6,73.24,7.01,16.83,43.07,5.0,15.26
54,,325,10,7,74.85,7.15,18.04,44.96,5.19,15.7
56,,325,10,9,71.07,8.19,18.37,41.23,5.3,14.46
57,,325,10,10,75.23,7.29,18.17,39.21,4.91,13.54
58,,325,10,11,73.26,8.25,18.94,41.24,5.12,14.17
59,,325,10,12,73.31,7.61,18.11,42.75,5.32,14.9
60,,325,10,13,69.59,9.62,20.07,38.77,5.85,14.69
61,,325,10,14,74.25,7.16,17.22,40.7,5.17,14.4
62,,325,10,15,71.42,8.76,19.38,36.73,4.82,12.64
63,,325,10,16,73.03,7.8,18.05,37.06,4.28,11.87
64,,325,10,17,70.88,6.74,17.74,38.66,4.2,12.53
65,,325,10,18,71.77,7.27,18.15,37.37,4.15,11.76
66,,325,10,19,68.44,9.11,19.15,36.3,4.19,11.48
67,,325,10,20,70.75,8.05,18.16,36.45,4.34,11.76
4,,325,20,5,68.75,8.18,20.83,33.3,2.22,8.9
5,,325,20,6,68.27,8.17,20.47,33.5,2.16,8.52
6,,325,20,7,69.0,8.14,20.32,32.76,1.67,8.31
7,,325,20,8,68.12,8.58,20.73,32.6,1.74,7.99
8,,325,20,9,68.58,8.15,20.8,31.65,1.02,7.43
9,,325,20,10,67.67,8.56,20.59,31.87,1.49,7.41
10,,325,20,11,68.37,8.07,20.53,33.29,1.73,8.55
11,,325,20,12,67.99,8.53,20.92,31.85,1.49,7.76
12,,325,20,13,67.8,8.35,21.01,32.43,1.55,7.67
13,,325,20,14,67.31,8.43,20.65,31.87,1.49,7.41
14,,325,20,15,68.09,7.99,20.43,31.87,1.49,7.41
15,,325,20,16,67.49,8.31,20.41,31.86,1.23,7.4
17,,325,20,18,67.2,8.68,20.86,33.68,2.81,9.18
18,,325,20,19,67.87,8.34,20.71,32.42,2.31,8.39
19,,325,20,20,67.25,8.44,20.68,33.33,2.71,8.92
28,,325,20,5,73.15,7.44,20.29,32.91,2.35,9.34
29,,325,20,6,75.63,6.85,19.11,31.87,1.49,7.41
30,,325,20,7,73.5,7.08,19.63,33.13,2.04,8.59
32,,325,20,9,72.52,7.7,20.33,32.75,1.92,8.66
33,,325,20,10,74.83,6.7,19.1,32.01,0.64,7.36
34,,325,20,11,72.77,7.07,19.47,31.47,0.82,7.09
35,,325,20,12,74.44,6.92,19.64,31.3,0.35,6.4
36,,325,20,13,72.87,7.5,20.12,33.1,2.04,8.94
37,,325,20,14,73.73,7.41,20.29,32.05,1.16,7.37
38,,325,20,15,73.84,7.28,19.9,33.47,1.67,8.51
39,,325,20,16,75.16,6.6,18.92,32.42,0.52,6.96
40,,325,20,17,75.02,7.04,19.55,33.47,1.67,8.51
41,,325,20,18,74.59,6.91,19.56,32.74,0.91,7.94
42,,325,20,19,76.36,6.47,18.49,34.17,2.14,9.05
43,,325,20,20,73.18,7.02,19.26,32.94,1.61,8.27
52,,325,20,5,72.25,7.34,20.22,34.18,2.38,9.06
53,,325,20,6,74.53,7.03,19.81,34.55,2.95,9.33
54,,325,20,7,72.36,7.46,20.29,35.65,2.28,9.69
55,,325,20,8,74.35,7.19,19.92,33.85,2.27,8.79
56,,325,20,9,72.55,7.1,19.81,33.87,1.79,8.12
57,,325,20,10,75.14,6.89,19.67,33.71,2.1,8.16
58,,325,20,11,73.93,6.95,19.49,35.28,2.17,10.09
59,,325,20,12,74.31,6.95,19.5,33.83,1.55,8.44
60,,325,20,13,73.0,7.21,20.02,33.97,1.49,8.74
61,,325,20,14,74.13,7.11,19.62,33.51,1.43,7.84
62,,325,20,15,72.61,7.48,20.26,33.5,1.67,8.17
63,,325,20,16,75.01,7.04,19.65,33.15,1.55,7.9
64,,325,20,17,73.29,7.16,19.96,34.69,1.73,8.61
65,,325,20,18,73.94,6.95,19.39,34.5,2.25,9.31
66,,325,20,19,73.92,7.37,20.29,35.52,2.79,9.74
67,,325,20,20,73.56,7.46,19.96,33.69,2.57,8.84
4,,325,30,5,74.41,6.76,19.12,31.43,0.28,7.08
5,,325,30,6,71.47,7.21,20.29,31.45,1.88,8.21
6,,325,30,7,74.32,6.77,19.17,31.47,0.82,7.09
8,,325,30,9,73.86,6.87,19.73,31.64,1.29,7.79
9,,325,30,10,72.18,6.72,18.98,32.2,1.87,8.42
10,,325,30,11,73.87,6.82,19.51,31.64,1.29,7.79
11,,325,30,12,73.27,6.87,19.09,31.46,1.09,7.46
12,,325,30,13,73.13,6.86,19.8,31.98,1.93,8.82
13,,325,30,14,72.94,7.12,19.29,30.5,0.59,6.49
14,,325,30,15,74.21,6.78,19.33,31.43,1.08,7.82
15,,325,30,16,71.44,7.03,19.72,31.23,1.15,7.85
16,,325,30,17,74.68,6.77,19.39,30.48,0.31,6.48
17,,325,30,18,71.19,7.42,20.12,32.18,1.61,8.41
18,,325,30,19,74.26,6.89,19.52,30.7,-0.03,6.09
19,,325,30,20,72.14,7.09,20.03,32.18,1.09,8.04
28,,325,30,5,74.84,7.32,19.78,30.71,0.25,6.1
29,,325,30,6,73.49,7.01,19.63,31.11,0.13,6.06
30,,325,30,7,74.75,7.27,19.72,30.35,0.1,5.41
31,,325,30,8,74.18,7.04,19.48,30.36,-0.76,4.68
32,,325,30,9,75.18,7.22,19.49,30.7,-0.03,6.09
33,,325,30,10,73.79,7.1,19.58,30.15,-1.29,4.32
34,,325,30,11,74.88,7.43,20.08,29.5,-0.54,5.07
35,,325,30,12,74.03,6.81,19.22,29.76,-1.77,3.61
36,,325,30,13,74.96,7.35,20.13,30.54,-0.25,5.39
37,,325,30,14,74.56,6.87,19.16,29.94,-1.83,3.96
38,,325,30,15,75.3,7.31,19.94,30.32,0.09,5.77
39,,325,30,16,73.93,6.75,19.26,30.34,-1.05,4.67
40,,325,30,17,75.15,7.26,19.91,30.74,0.26,5.74
41,,325,30,18,74.27,6.71,19.08,30.36,-0.76,4.68
42,,325,30,19,75.72,7.02,19.38,31.28,0.61,6.76
43,,325,30,20,74.16,7.22,19.92,30.13,-0.71,5.04
52,,325,30,5,73.16,7.74,19.78,31.34,0.62,6.06
53,,325,30,6,72.48,8.07,20.08,31.66,2.08,8.17
54,,325,30,7,73.35,7.45,19.43,32.39,1.04,7.66
55,,325,30,8,71.62,7.98,19.85,32.41,1.29,7.67
56,,325,30,9,73.24,7.21,19.25,32.42,1.8,8.03
57,,325,30,10,72.56,7.63,19.0,29.97,-0.36,4.71
58,,325,30,11,72.76,7.85,19.25,33.29,2.46,9.26
59,,325,30,12,73.67,7.26,19.46,30.31,0.37,6.14
60,,325,30,13,73.07,7.42,18.52,31.5,1.36,7.11
61,,325,30,14,72.61,7.26,19.26,31.62,1.02,7.78
62,,325,30,15,72.41,7.72,19.09,31.09,0.68,6.78
63,,325,30,16,72.1,7.28,19.3,30.31,0.37,6.14
64,,325,30,17,73.15,7.42,19.54,31.09,0.68,6.78
65,,325,30,18,74.26,6.5,16.94,30.3,-0.77,5.38
66,,325,30,19,74.15,7.23,18.69,31.67,1.29,7.43
67,,325,30,20,73.53,6.24,17.34,31.3,0.89,6.76
4,,325,40,5,73.67,8.25,18.74,30.53,-0.82,5.02
5,,325,40,6,74.7,8.12,18.83,30.34,-1.05,4.67
6,,325,40,7,74.46,7.98,18.63,30.56,0.04,5.4
8,,325,40,9,74.39,7.97,18.97,30.94,0.2,5.73
10,,325,40,11,74.64,7.88,18.63,31.1,0.4,6.42
11,,325,40,12,73.68,8.87,19.44,29.91,-1.24,4.68
12,,325,40,13,74.79,8.1,18.89,31.86,1.23,7.4
13,,325,40,14,74.78,8.58,19.66,30.33,0.66,6.15
14,,325,40,15,75.0,8.35,19.52,31.46,1.09,7.46
15,,325,40,16,74.0,8.68,19.36,30.53,0.59,6.13
16,,325,40,17,74.88,8.15,18.95,31.1,0.4,6.42
17,,325,40,18,74.48,8.77,19.54,30.72,0.81,6.47
18,,325,40,19,74.23,8.04,19.37,30.3,0.65,6.51
19,,325,40,20,74.85,8.53,19.21,31.13,0.95,6.43
28,,325,40,5,72.78,7.04,20.12,31.3,0.35,6.4
29,,325,40,6,71.33,7.24,20.14,30.7,-0.03,6.09
30,,325,40,7,71.87,7.39,20.66,30.74,-0.3,5.38
31,,325,40,8,71.36,7.16,20.34,30.9,-0.09,6.07
32,,325,40,9,72.99,6.95,19.78,30.74,-0.3,5.38
33,,325,40,10,70.86,7.47,20.54,30.32,-0.48,5.39
34,,325,40,11,72.89,7.16,20.07,30.91,0.19,6.08
35,,325,40,12,72.24,7.01,19.97,30.93,-0.08,5.72
36,,325,40,13,72.75,6.93,19.58,31.27,-0.48,6.02
37,,325,40,14,72.3,7.07,19.83,31.08,0.13,6.41
38,,325,40,15,72.64,6.87,19.74,30.49,-0.54,5.73
39,,325,40,16,72.15,7.29,20.16,31.12,-0.14,5.7
40,,325,40,17,72.7,7.33,20.19,30.35,-0.47,5.04
41,,325,40,18,72.05,7.44,20.34,31.48,0.55,6.73
42,,325,40,19,72.99,7.08,19.9,30.71,0.25,6.1
43,,325,40,20,72.62,7.29,19.79,32.19,0.83,7.68
52,,325,40,5,73.27,7.73,19.62,29.89,-0.08,5.79
54,,325,40,7,72.18,8.49,19.85,30.09,0.15,6.15
55,,325,40,8,72.25,7.42,18.81,29.89,-0.66,5.41
56,,325,40,9,72.29,8.69,20.7,29.69,0.56,6.2
57,,325,40,10,71.71,8.26,19.61,30.08,-1.01,5.39
58,,325,40,11,71.84,8.54,20.36,30.64,1.9,8.36
59,,325,40,12,72.04,8.4,19.58,29.54,-0.83,4.34
60,,325,40,13,72.57,8.21,19.61,30.28,0.93,6.89
61,,325,40,14,72.01,8.38,19.92,30.07,0.43,6.53
62,,325,40,15,72.18,8.81,20.33,29.47,0.04,5.83
63,,325,40,16,71.39,8.38,20.02,29.9,0.5,6.18
64,,325,40,17,70.68,8.81,20.34,29.7,-0.31,5.44
65,,325,40,18,71.78,8.47,20.5,29.7,-0.31,5.44
66,,325,40,19,70.47,9.53,21.37,29.72,-0.01,5.44
67,,325,40,20,71.08,8.91,20.71,30.09,0.72,6.54
4,,325,50,5,73.05,8.77,19.97,30.36,-0.76,4.68
5,,325,50,6,72.45,8.89,20.2,30.52,0.87,6.5
6,,325,50,7,72.66,8.54,19.49,30.21,-1.27,3.64
7,,325,50,8,72.1,8.65,19.68,30.13,-0.71,5.04
8,,325,50,9,73.28,8.28,19.47,30.18,-1.28,3.98
9,,325,50,10,72.37,8.51,20.08,30.3,-0.77,5.38
10,,325,50,11,73.15,8.38,19.33,29.56,-1.13,3.98
11,,325,50,12,72.16,8.67,20.32,29.95,-0.65,4.7
12,,325,50,13,73.96,7.91,18.97,30.51,-0.25,5.74
13,,325,50,14,72.28,7.76,18.83,30.53,0.03,5.75
14,,325,50,15,72.65,8.41,19.37,29.72,-1.49,4.32
15,,325,50,16,70.79,8.73,20.15,30.7,-0.03,6.09
16,,325,50,17,73.88,7.9,19.43,30.3,-0.77,5.38
17,,325,50,18,72.41,8.37,19.93,30.53,-0.82,5.02
18,,325,50,19,73.89,8.28,19.78,30.72,-0.59,5.37
19,,325,50,20,72.9,7.95,19.51,31.46,0.28,6.72
28,,325,50,5,68.66,8.14,20.51,28.66,-0.92,4.35
29,,325,50,6,67.47,7.93,20.25,28.83,-1.29,4.71
30,,325,50,7,68.23,8.15,20.99,28.86,-1.29,4.34
31,,325,50,8,66.77,8.71,21.24,29.29,-0.49,5.08
32,,325,50,9,67.1,7.79,20.3,28.88,-0.98,4.35
33,,325,50,10,67.31,8.72,21.07,29.52,-0.24,5.08
34,,325,50,11,66.33,8.07,20.75,29.47,0.04,5.83
35,,325,50,12,67.7,8.75,21.37,29.64,0.85,6.97
36,,325,50,13,67.33,8.1,20.72,29.25,-0.49,5.46
37,,325,50,14,67.58,8.63,21.16,29.7,0.28,5.82
38,,325,50,15,67.03,8.32,21.31,29.49,0.34,5.84
39,,325,50,16,67.47,9.1,21.8,30.06,0.71,6.91
40,,325,50,17,66.59,8.83,21.49,29.88,0.21,6.17
41,,325,50,18,68.15,8.62,21.22,29.88,0.21,6.17
42,,325,50,19,66.7,8.72,21.55,30.28,0.37,6.5
43,,325,50,20,67.7,8.53,20.95,30.5,0.59,6.49
52,,325,50,5,72.34,7.75,20.11,29.74,-1.19,4.33
53,,325,50,6,70.82,8.33,20.67,29.7,0.28,5.82
54,,325,50,7,72.18,7.18,19.58,30.17,-2.45,3.27
55,,325,50,8,71.53,7.9,20.34,29.75,-1.48,3.97
56,,325,50,9,72.67,7.74,20.37,29.78,-1.47,3.62
57,,325,50,10,71.22,8.1,20.65,29.33,-0.78,4.35
58,,325,50,11,71.83,7.38,19.78,29.98,-1.23,3.98
59,,325,50,12,71.47,7.85,20.37,29.91,0.21,5.8
60,,325,50,13,72.34,7.74,20.22,30.7,0.53,6.46
61,,325,50,14,71.77,7.91,20.67,30.26,1.49,7.66
62,,325,50,15,72.68,7.61,20.13,29.95,-0.65,4.7
63,,325,50,16,72.09,7.86,20.26,31.05,0.94,7.51
64,,325,50,17,72.73,7.66,20.22,29.94,-0.36,5.06
65,,325,50,18,72.03,7.86,20.4,31.81,1.74,8.49
66,,325,50,19,72.22,7.75,20.51,29.95,-0.65,4.7
67,,325,50,20,71.99,8.07,20.56,30.69,0.8,6.83
