,Sample No,Temperature/â„ƒ,Time/s,Point_No,L*Before,a*Before,b*Before,L*After,a*After,b*After
4,,225,10,5,76.83,2.91,19.4,73.3,3.01,25.25
5,,225,10,6,77.61,3.23,19.19,74.14,3.23,24.99
6,,225,10,7,76.46,2.84,19.59,72.47,2.94,25.41
7,,225,10,8,77.38,3.29,19.42,73.65,3.39,25.49
8,,225,10,9,76.43,2.85,19.42,72.42,3.01,25.45
9,,225,10,10,77.66,3.18,18.97,73.38,3.22,25.1
10,,225,10,11,76.68,2.9,19.67,72.45,2.99,25.79
11,,225,10,12,77.51,3.28,19.44,73.41,3.41,25.56
12,,225,10,13,76.79,2.94,20,73.02,3.07,26.06
13,,225,10,14,77.2,3.22,19.51,72.77,3.4,25.82
14,,225,10,15,76.31,2.9,19.88,72.65,2.98,25.75
15,,225,10,16,76.7,3.22,19.79,72.62,3.33,25.94
16,,225,10,17,76.77,2.92,20.3,73.14,3.08,25.61
17,,225,10,18,76.3,3.11,19.71,72.58,3.28,25.6
18,,225,10,19,76.56,2.94,20.13,73.6,2.99,25.03
19,,225,10,20,76.22,2.99,19.45,73.09,3.18,25.08
29,,225,10,6,73.93,1.91,18.05,71.75,1.54,20.33
30,,225,10,7,73.68,1.98,18.38,71.54,1.77,20.69
31,,225,10,8,74.48,1.91,17.69,71.59,1.47,20.42
32,,225,10,9,73.73,1.98,18.25,71.18,1.71,20.79
33,,225,10,10,74.79,1.82,17.72,71.38,1.56,20.54
34,,225,10,11,73.14,2.07,18.56,70.28,1.7,21.08
35,,225,10,12,73.11,1.87,18.14,69.74,1.7,20.57
36,,225,10,13,74.64,1.88,18,71.68,1.6,20.71
37,,225,10,14,73.95,2.02,18.66,70.09,1.85,21.68
38,,225,10,15,73.01,1.24,17.52,68.83,1.14,20.55
39,,225,10,16,74.38,1.67,18.11,70.04,1.55,21.32
40,,225,10,17,70.99,2,18.55,66.82,1.68,21.27
41,,225,10,18,74.6,1.75,17.81,70.09,1.54,21.41
42,,225,10,19,72.13,1.58,17.75,67.11,1.48,20.95
43,,225,10,20,74.63,1.81,18,70.04,1.63,21.45
52,,225,10,5,72.82,1.29,23.8,68.96,1.45,25.68
53,,225,10,6,73.51,1.65,23.25,69.74,1.7,25.37
54,,225,10,7,72.35,1.32,23.68,68.79,1.39,25.67
55,,225,10,8,71.32,1.26,23.44,68.8,1.39,25.54
56,,225,10,9,72.67,1.36,24.03,68.62,1.4,25.81
57,,225,10,10,72.93,1.5,23.86,69.22,1.5,25.75
58,,225,10,11,72.98,1.64,24.07,69.17,1.73,26.08
59,,225,10,12,73.19,1.5,23.57,69.65,1.61,25.81
60,,225,10,13,73.47,1.55,23.71,69.49,1.7,25.95
61,,225,10,14,73.33,1.49,23.58,69.44,1.63,25.85
62,,225,10,15,73.27,1.62,23.98,69.35,1.88,25.95
63,,225,10,16,73.73,1.55,23.43,69.61,1.77,25.87
64,,225,10,17,73.51,1.51,23.13,70.15,1.5,25.29
65,,225,10,18,73.99,1.5,22.91,70.24,1.71,25.75
66,,225,10,19,73.21,1.45,23.21,70.09,1.43,25.2
67,,225,10,20,73.57,1.52,22.86,70.26,1.57,25.22
4,,225,20,5,81.82,3.2,16.75,78.95,3.95,19.54
5,,225,20,6,81.65,3.23,17.08,78.63,4.11,20.2
6,,225,20,7,81.75,3.15,16.61,78.94,3.83,19.54
7,,225,20,8,81.57,3.22,17.12,78.51,4.12,20.09
8,,225,20,9,81.8,3.15,16.51,78.49,3.96,19.53
9,,225,20,10,81.76,3.13,16.93,77.94,4.42,20.74
10,,225,20,11,81.78,3.11,16.19,78.21,4.1,19.51
11,,225,20,12,81.8,3.1,16.42,77.98,4.09,19.83
12,,225,20,13,81.46,2.92,16.08,77.59,4.04,19.86
13,,225,20,14,81.44,3.07,16.6,77.75,4.2,20.26
14,,225,20,15,81.93,3.01,16.11,78.36,3.78,19.4
15,,225,20,16,81.7,3.14,16.72,78.01,4.14,20
16,,225,20,17,81.76,3.1,16.44,77.79,4.08,20.13
17,,225,20,18,81.11,3.15,16.93,78.17,4.01,19.99
18,,225,20,19,82.14,3.06,16.42,78.52,3.89,19.69
19,,225,20,20,81.23,3.16,16.87,78.2,3.7,19.85
28,,225,20,5,70.16,1.32,19.37,65.77,0.82,21.96
29,,225,20,6,71.32,1.3,19.65,66.39,0.9,22.38
30,,225,20,7,70.39,1.1,18.78,65.68,0.76,21.47
31,,225,20,8,71.99,1.27,19.4,66.76,0.95,22.16
32,,225,20,9,70.82,0.93,18.32,66.29,0.62,20.96
33,,225,20,10,71.58,1.28,19.63,66.59,0.89,21.99
34,,225,20,11,71.37,1.11,18.73,66.78,0.79,21.74
35,,225,20,12,71.45,1.24,19.13,66.29,0.92,22.18
36,,225,20,13,71.78,1.02,18.62,67.02,0.78,21.45
37,,225,20,14,71.44,1.3,19.48,66.56,0.95,22.55
38,,225,20,15,71.77,1.16,18.85,66.89,0.86,21.8
39,,225,20,16,71.39,1.31,19.39,66.45,0.89,22.35
40,,225,20,17,71.11,1.2,18.86,66.14,0.87,21.73
41,,225,20,18,70.19,1.31,19.58,65.17,1.06,22.37
42,,225,20,19,70.49,1.16,18.96,65.6,0.76,21.79
43,,225,20,20,70.03,1.32,19.67,64.96,0.89,22.63
52,,225,20,5,73.81,2.53,22.7,68.85,2.76,25.64
53,,225,20,6,73.07,2.49,23.08,68.44,2.72,26.09
55,,225,20,8,72.78,2.48,23.73,68.09,2.84,26.52
56,,225,20,9,75.43,2.74,20.87,70.71,3.06,24.05
57,,225,20,10,72.74,2.49,23.64,68.1,2.92,26.52
58,,225,20,11,76.51,2.87,18.99,72.5,3.18,22.17
59,,225,20,12,72.88,2.34,23.53,68.22,2.83,26.28
60,,225,20,13,77.71,2.93,18.65,73.2,3.13,21.84
61,,225,20,14,73.04,2.47,23.43,68.32,2.73,26.33
62,,225,20,15,78.07,2.83,18.17,74.58,3.13,21
63,,225,20,16,73.33,2.46,23.35,69,2.73,25.79
65,,225,20,18,73.45,2.4,22.93,69.25,2.57,25.06
67,,225,20,20,74.73,2.54,21.48,70.56,2.68,24.36
4,,225,30,5,73.86,1.99,19.22,68.32,1.53,22.13
5,,225,30,6,74.44,1.95,19.52,68.36,1.43,22.35
6,,225,30,7,73.45,2.03,18.92,67.79,1.6,21.96
7,,225,30,8,74.45,2.02,19.52,68.18,1.68,22.74
8,,225,30,9,73.2,1.83,18.93,66.61,2.25,22.51
9,,225,30,10,74.12,1.83,19.37,67.21,1.74,22.34
10,,225,30,11,73.54,1.81,18.85,67.34,1.9,22.27
11,,225,30,12,73.79,1.91,19.46,66.7,1.81,22.41
12,,225,30,13,73.45,1.96,18.91,67.46,2.05,22.34
13,,225,30,14,74.07,1.83,19.4,66.69,1.81,22.55
14,,225,30,15,73.62,1.94,19.13,67.74,2.09,22.43
15,,225,30,16,73.88,1.7,19.28,66.64,1.82,22.45
16,,225,30,17,73.86,2.13,19.33,67,2.03,22.37
17,,225,30,18,74.2,1.82,19.53,66.91,1.93,22.82
18,,225,30,19,73.58,1.94,19.05,67.68,1.86,22.18
19,,225,30,20,74.2,1.88,19.65,67.07,1.82,22.83
28,,225,30,5,81.2,3.28,16.9,77,4.57,20.25
29,,225,30,6,76.43,3.15,17.82,72.66,3.87,19.94
30,,225,30,7,81.82,3.36,17.01,77.88,4.56,20.6
32,,225,30,9,81.92,3.11,16.37,78.08,4.22,19.79
33,,225,30,10,72.57,2.22,17.91,68.28,2.83,19.43
34,,225,30,11,81.17,3.06,16.48,78.32,4.14,19.83
35,,225,30,12,71.68,2,17.57,65.98,2.39,19.85
37,,225,30,14,70.84,2.17,17.21,65.37,2.27,18.98
38,,225,30,15,78.22,3.49,17.98,75.36,4.53,20.69
39,,225,30,16,71.65,2.31,17.5,66.02,2.58,19.45
40,,225,30,17,76.71,3.02,17.58,73.05,4.29,20.53
41,,225,30,18,69.64,1.79,18.99,63.56,2.34,20.21
42,,225,30,19,73.41,2.56,17.44,69.1,3.1,19.74
43,,225,30,20,69.98,1.43,22.19,63.55,2.12,22.95
52,,225,30,5,73.94,2.51,22.83,67.18,3.16,26.46
53,,225,30,6,73.35,2.3,23.54,66.8,2.88,26.74
54,,225,30,7,73.95,2.39,22.49,67.51,3.02,26.32
55,,225,30,8,73.53,2.35,23.76,67.24,3.03,27.11
56,,225,30,9,74.52,2.36,22.33,68.85,2.84,25.79
57,,225,30,10,74.04,2.34,23.18,68.49,2.78,26.34
58,,225,30,11,74.02,2.5,23,68.44,3.03,26.54
59,,225,30,12,73.75,2.42,23.39,68.34,2.78,26.86
60,,225,30,13,74.33,2.23,22.23,69.46,2.51,25.8
61,,225,30,14,73.95,2.35,23.14,69.08,2.52,26.76
62,,225,30,15,74.53,2.1,21.87,69.59,2.21,25.02
63,,225,30,16,73.84,2.17,22.54,68.74,2.51,26.24
64,,225,30,17,72.95,2.21,23.02,66.3,2.97,26.58
65,,225,30,18,73.09,2.27,23.15,66.76,3.06,26.65
66,,225,30,19,73.13,2.26,23.24,66.47,3.1,26.75
67,,225,30,20,73.61,2.29,23.25,66.8,3.04,26.9
4,,225,40,5,70.76,1.16,20.17,63.05,1.45,23.07
5,,225,40,6,67.29,1.39,20.71,59.87,1.66,22.88
6,,225,40,7,70.33,1.13,19.72,62.72,1.54,22.4
7,,225,40,8,67.59,1.29,20.27,60.11,1.63,22.39
8,,225,40,9,70.03,1.02,19.29,62.09,1.57,22.05
9,,225,40,10,67.42,1.14,20.1,59.7,1.72,22.34
10,,225,40,11,69.96,1.01,19.56,61.21,1.72,22.48
11,,225,40,12,67.2,1.17,20.1,59.1,1.82,22.92
12,,225,40,13,69.62,0.75,18.91,62.02,1.11,21.6
13,,225,40,14,67.18,1.16,20.37,60.29,1.29,22.4
14,,225,40,15,69.28,0.53,18.83,61.92,0.92,21.95
15,,225,40,16,68.28,1.03,20.49,61.08,1.13,22.67
16,,225,40,17,67.78,0.23,18.86,60.85,0.81,21.68
17,,225,40,18,67.68,0.9,21.07,60.92,0.75,22.75
28,,225,40,5,72.92,1.67,22.09,67.58,2.16,24.93
29,,225,40,6,73.44,1.71,22.2,68.04,2.03,24.58
30,,225,40,7,73.28,1.56,22.29,67.26,2.37,25.06
31,,225,40,8,70.92,1.77,23.17,64.48,2.65,25.62
32,,225,40,9,71.79,1.57,22.69,64.87,2.51,25.16
33,,225,40,10,74.51,1.52,22.14,68.14,2.36,24.27
34,,225,40,11,73.86,1.54,22.13,67.34,2.53,24.88
35,,225,40,12,72.97,1.91,23.08,65.75,2.77,25.68
36,,225,40,13,72.29,1.96,23.09,65.73,2.59,25.83
37,,225,40,14,77.09,1.35,20.73,68.03,2.84,24.94
38,,225,40,15,76.58,1.29,20.54,68.72,2.42,24.65
39,,225,40,16,74.18,1.12,20.41,66.72,2.44,23.67
40,,225,40,17,74.4,1.51,20.94,68.51,2.23,24.26
41,,225,40,18,71.06,0.9,20.1,65.64,2,23.68
42,,225,40,19,73.24,1.47,21.32,66.01,2.5,24.88
43,,225,40,20,74.94,0.85,19.75,68.4,1.7,23.63
52,,225,40,5,71.43,0.9,19.78,63.79,0.91,21.81
53,,225,40,6,69.12,0.62,18.92,61.03,1,21.27
54,,225,40,7,71.5,0.91,19.52,63,1.14,21.59
55,,225,40,8,69.7,0.73,19.21,61.04,1.1,21.28
56,,225,40,9,71.4,1.13,19.82,62.67,1.1,21.64
57,,225,40,10,69.22,0.6,19.1,60.43,1.02,21.01
58,,225,40,11,70.73,0.87,19.6,61.72,1.27,21.34
59,,225,40,12,69.68,0.71,19.45,60.43,1.31,21.35
60,,225,40,13,70.4,1.03,20.02,61.29,1.43,21.93
61,,225,40,14,69.99,0.69,19.52,60.76,1.24,21.46
62,,225,40,15,70.51,0.95,19.83,61.23,1.25,21.64
63,,225,40,16,69.8,0.71,19.28,61.01,1.18,21.77
64,,225,40,17,70.25,0.82,19.74,61.29,0.95,21.42
65,,225,40,18,69.57,0.72,19.51,61.15,1.25,21.85
66,,225,40,19,70.55,0.94,20.04,61.99,1.1,22.07
67,,225,40,20,69.24,0.58,19.56,61.73,0.86,21.76
4,,225,50,5,83.17,3.33,15.32,77.09,5.59,20.32
5,,225,50,6,83.18,3.12,14.99,78.15,4.74,19.43
6,,225,50,7,83.18,3.44,15.41,76.38,5.77,20.55
7,,225,50,8,83,3.11,14.92,77.69,4.9,19.42
8,,225,50,9,83.18,3.39,15.25,76.34,5.65,20.36
9,,225,50,10,82.74,3.2,14.97,77.25,4.91,19.57
10,,225,50,11,82.03,3.21,15.92,73.65,6.17,21.91
11,,225,50,12,81.68,3.21,15.53,75.75,5.3,20.66
12,,225,50,13,82.73,3.43,15.93,76.79,5.58,20.88
14,,225,50,15,82.15,3.44,16.13,75.8,5.79,21.19
15,,225,50,16,81.6,3.32,15.65,76.35,5.02,19.98
16,,225,50,17,82.43,3.52,16.08,76.4,5.8,21.04
17,,225,50,18,81.48,3.26,15.62,76.7,4.99,20.08
18,,225,50,19,82.56,3.37,15.69,77.51,5.37,20.15
19,,225,50,20,82.44,3.31,15.66,77.37,4.78,19.59
28,,225,50,5,71.51,1.72,18.82,64.59,2.01,21.28
29,,225,50,6,72.14,1.62,19.79,64.91,2.36,22.37
30,,225,50,7,71.71,1.77,18.94,64.28,2.24,21.48
31,,225,50,8,71.98,1.62,19.99,64.38,2.55,22.3
32,,225,50,9,71.59,1.91,19.34,63.74,2.52,21.55
33,,225,50,10,71.53,1.8,20.14,63.31,2.66,22.41
34,,225,50,11,71.21,2.21,20.13,63.61,2.63,21.78
35,,225,50,12,71.04,1.81,20.64,63.63,2.77,22.51
36,,225,50,13,71.17,2.08,19.8,63.61,2.8,21.94
37,,225,50,14,71.77,1.7,20.22,63.7,2.85,22.62
38,,225,50,15,72.01,1.89,19.12,64.05,2.72,21.81
39,,225,50,16,71.79,1.64,19.87,63.25,2.93,22.78
40,,225,50,17,71.91,1.9,19.06,63.61,2.98,22.1
41,,225,50,18,71.74,1.57,19.78,63.2,3.04,22.67
42,,225,50,19,72.28,1.89,18.76,65.13,2.35,21.81
43,,225,50,20,72.22,1.42,19.19,64.88,2.38,21.97
52,,225,50,5,72.19,1.71,25.12,64.06,2.47,25.33
53,,225,50,6,71.04,1.77,24.41,63,2.41,25.05
54,,225,50,7,71.04,1.59,25,62.92,2.51,25.44
55,,225,50,8,72.28,1.45,24.21,63.88,2.6,25.32
56,,225,50,9,72.6,1.98,25.2,63.09,3.12,25.52
57,,225,50,10,70.89,1.74,25.26,61.71,2.67,25.27
58,,225,50,11,72.58,2,24.75,61.92,3.32,24.85
59,,225,50,12,71.71,1.69,24.88,61.87,3.02,25.35
60,,225,50,13,71.63,1.85,24.84,61.1,3.22,24.97
61,,225,50,14,72.18,2.02,24.93,61.89,3.31,25.36
62,,225,50,15,72.45,1.81,24.24,62.49,3.09,24.88
63,,225,50,16,71.53,1.72,24.66,61.42,3.13,25.22
64,,225,50,17,72.59,1.94,24.5,62.19,3.36,24.81
65,,225,50,18,72.18,1.74,24.54,62.22,3.15,25.09
66,,225,50,19,73.05,1.48,24.23,63.86,2.71,24.9
67,,225,50,20,72.24,1.89,24.51,63.29,2.91,25.19
4,,250,10,5,76.91,2.34,18.82,69.58,3.33,23.25
5,,250,10,6,75.16,3.09,21.17,67.57,4.06,25.01
6,,250,10,7,75.4,2.82,20.69,68.42,3.93,24.5
7,,250,10,8,75.57,2.36,19.05,67.37,3.81,24.17
8,,250,10,9,74.41,3.15,22.16,66.86,4.1,25.4
9,,250,10,10,75.86,2.46,19.5,68.61,3.69,23.82
10,,250,10,11,74.28,3.23,22.15,66.23,4.46,25.93
11,,250,10,12,74.98,2.97,20.95,67.73,4.03,25.02
12,,250,10,13,75.25,2.46,19.83,68.24,3.72,24.48
13,,250,10,14,73.81,3.34,22.24,66.3,4.61,25.9
14,,250,10,15,73.27,2.7,21.64,66.38,3.94,25.46
15,,250,10,16,73.73,2.65,20.5,66.5,4.12,24.83
16,,250,10,17,74.55,1.89,19.25,68.29,3.03,23.58
17,,250,10,18,74.9,2.79,20.57,67.35,4.34,25.2
18,,250,10,19,75.67,2,19.06,69.64,3.21,23.95
19,,250,10,20,73.87,2.74,21.39,67.36,4,25.57
28,,250,10,5,71.77,1.3,23.49,63.9,2.17,24.51
29,,250,10,6,71.97,1.43,23.6,63.95,2.42,24.94
30,,250,10,7,72.22,1.42,23.54,63.05,2.61,24.56
31,,250,10,8,72.17,1.56,23.71,63.55,2.78,24.82
32,,250,10,9,72.37,1.41,23.44,62.73,2.85,24.83
33,,250,10,10,71.67,1.59,23.83,62.24,3.24,24.92
34,,250,10,11,72.47,1.48,23.49,62.36,3.21,24.98
35,,250,10,12,71.53,1.54,23.56,61.62,3.18,25.23
36,,250,10,13,71.99,1.62,24.31,64.17,2.53,25.55
37,,250,10,14,72.15,1.83,24.34,64.88,2.64,26.06
38,,250,10,15,72.23,1.67,24.38,65.67,2.31,26.44
40,,250,10,17,72.3,1.61,24.09,65.19,2.35,25.49
41,,250,10,18,72.29,1.78,23.65,65.87,2.46,26.14
42,,250,10,19,72.31,1.76,24.1,64.65,2.69,25.95
43,,250,10,20,71.93,1.73,23.77,65.23,2.57,26.23
52,,250,10,5,76.17,2.89,20.06,68.99,3.63,25.37
53,,250,10,6,74.29,2.72,19.98,66.31,3.58,24.35
54,,250,10,7,76.27,3.03,20.01,68.62,3.77,25.4
55,,250,10,8,74.27,2.9,20.54,65.94,3.88,25.08
56,,250,10,9,75.99,3,19.58,68,3.68,24.64
57,,250,10,10,74.35,2.82,20.58,65.94,3.8,24.93
58,,250,10,11,75.84,2.93,19.65,67.95,3.69,24.55
59,,250,10,12,74.12,2.9,20.62,65.75,3.75,25.06
60,,250,10,13,76.37,2.94,19.07,68.4,3.7,24.49
61,,250,10,14,74.21,2.77,20.45,65.57,3.78,25.05
62,,250,10,15,74.72,2.87,19.25,66.62,3.46,23.84
63,,250,10,16,74.03,2.78,20.45,65.17,3.87,24.93
64,,250,10,17,74.71,2.86,19.46,66.66,3.52,24.23
65,,250,10,18,73.84,2.73,20.34,65.34,3.67,24.78
66,,250,10,19,76.02,2.92,19.65,68.54,3.5,24.63
67,,250,10,20,74.2,2.82,20.67,65.74,3.74,25.22
6,,250,20,7,70.25,1.46,22.74,58.98,3.51,23.5
7,,250,20,8,72.69,1.27,22.87,60.72,3.74,24.14
8,,250,20,9,71.37,1.22,22.58,60.39,3.74,23.88
9,,250,20,10,72.11,1.45,22.93,59.78,3.9,23.83
10,,250,20,11,73.26,1.09,22.81,62.17,3.75,24.54
12,,250,20,13,73.22,1.38,22.97,61.27,3.8,24.07
13,,250,20,14,71.97,1.5,23.73,59.76,3.89,24.01
14,,250,20,15,71.73,1.6,23.67,60.22,3.85,24.52
15,,250,20,16,70.73,1.43,24.11,59.23,3.81,24.58
16,,250,20,17,70.3,1.56,23.82,59.99,3.22,24.12
17,,250,20,18,72.46,0.76,22.74,61.99,3.13,24.45
18,,250,20,19,71.21,1.01,22.43,62.32,2.79,24.02
19,,250,20,20,70.99,1.34,22.37,61.53,3.32,24.65
28,,250,20,5,72.08,1.83,18.76,62.6,3.01,22
29,,250,20,6,71.87,1.69,18.74,61.84,3.19,21.74
30,,250,20,7,72.12,1.82,18.84,61.94,3.15,22.13
31,,250,20,8,72.2,1.73,19.01,61.64,3.32,21.87
32,,250,20,9,71.42,1.73,18.76,61.67,3.11,22.14
33,,250,20,10,72.16,1.74,18.92,60.76,3.62,22.14
34,,250,20,11,71.31,1.65,18.81,61.46,3.24,22.45
35,,250,20,12,72.4,1.86,19.24,61.23,3.69,22.48
36,,250,20,13,70.68,1.84,19.14,61.47,3.15,22.28
37,,250,20,14,71.87,1.94,19.75,61.5,3.53,22.29
38,,250,20,15,70.38,1.65,18.83,60.88,3.39,22.2
39,,250,20,16,72.03,1.73,19.31,60.56,3.76,22.28
40,,250,20,17,70.38,1.65,18.83,60.87,3.48,22.54
41,,250,20,18,72.12,1.82,18.84,61.03,3.64,22.29
42,,250,20,19,71.33,1.52,18.34,62.71,2.71,21.91
43,,250,20,20,73.02,1.71,18.59,62.53,3.29,22.38
52,,250,20,5,72.1,1.12,23.48,62.9,2.45,24.66
53,,250,20,6,72.61,0.9,24.37,62.97,2.71,24.95
54,,250,20,7,72.31,1.05,23.22,63.28,2.47,24.69
55,,250,20,8,72.76,1.03,24.51,62.54,2.9,24.82
56,,250,20,9,72.11,1.06,23.24,63.03,2.51,24.72
57,,250,20,10,72.89,0.87,24.52,62.42,3.02,24.76
58,,250,20,11,72.54,0.89,23.16,63.65,2.39,24.71
59,,250,20,12,72.26,0.76,24.38,62.33,2.66,24.79
60,,250,20,13,72.66,0.9,22.85,64.16,2.31,24.48
61,,250,20,14,72.69,0.71,23.61,63.66,2.4,24.55
62,,250,20,15,72.93,0.83,22.45,64.69,1.95,24.35
63,,250,20,16,73.39,0.91,23.48,64.22,2.3,24.43
64,,250,20,17,72.63,0.91,22.65,63.02,2.64,23.97
65,,250,20,18,72.98,0.83,23.88,62.74,2.77,24.49
66,,250,20,19,72.85,0.88,22.95,63.39,2.56,24.16
67,,250,20,20,72.76,0.79,23.45,62.88,2.66,24.23
4,,250,30,5,79.15,3.54,19.12,66.04,7.64,22.9
5,,250,30,6,82.08,3.56,18.86,68.02,8.27,24.52
6,,250,30,7,81.15,3.79,19.33,67.68,7.99,24.18
7,,250,30,8,80.38,3.74,18.98,64.34,7.89,23.03
8,,250,30,9,81.95,3.57,18.6,66.75,8.57,24.21
9,,250,30,10,80.4,3.75,18.8,63.59,8.04,23.09
10,,250,30,11,81.66,3.46,18.25,65.99,8.42,23.87
11,,250,30,12,80.71,3.69,18.8,63.91,8.18,23.35
12,,250,30,13,80.4,3.69,18.71,63.35,8.37,23.29
13,,250,30,14,80.77,3.85,19.21,63.54,8.63,23.8
14,,250,30,15,81.02,3.48,18.52,64.27,8.22,23.71
15,,250,30,16,81.7,3.65,19,65.23,8.54,24.55
16,,250,30,17,80.92,3.84,19.39,65.01,8.31,23.95
17,,250,30,18,80.65,3.53,18.39,64.65,7.72,22.81
18,,250,30,19,80.28,3.64,18.59,65.42,7.64,23.16
19,,250,30,20,81.16,3.58,18.87,66.14,8.36,24.18
28,,250,30,5,75.15,2.15,22.96,62.86,4.42,24.73
29,,250,30,6,73.36,1.86,23.6,61.48,4.21,24.45
30,,250,30,7,75.01,2.15,23.05,62.57,4.51,24.32
31,,250,30,8,73.28,1.77,23.98,60.74,4.31,24.52
32,,250,30,9,74.52,2.09,23.38,60.8,4.98,24.37
33,,250,30,10,73.31,1.68,24.18,60.05,4.4,24.53
34,,250,30,11,74.38,2.09,23.48,62.5,4.43,24.37
35,,250,30,12,73.01,1.55,24.27,60.71,3.92,24.5
36,,250,30,13,74.04,2.03,23.6,62.23,4.36,25.36
37,,250,30,14,72.64,1.48,24.65,61.39,3.81,25.47
38,,250,30,15,72.5,1.74,24.07,60.76,4.46,25.53
39,,250,30,16,72.58,1.26,24.55,61.44,3.69,25.59
40,,250,30,17,73.28,1.9,24.23,58.95,4.91,24.72
41,,250,30,18,71.97,1.32,24.3,57.65,4.81,24.06
42,,250,30,19,73.61,1.68,23.97,60.8,4.29,24.64
43,,250,30,20,71.94,1.45,23.27,58.82,4.08,23.32
52,,250,30,5,71.96,2.11,20.82,60.37,3.72,21.92
53,,250,30,6,70.98,1.89,20.8,60.89,3.77,22.55
54,,250,30,7,72.16,2.16,20.93,59.49,4.25,22.03
55,,250,30,8,71.37,1.84,21.02,60.3,4.03,22.31
56,,250,30,9,72.76,2.19,20.81,59.37,4.49,21.97
57,,250,30,10,71.9,1.74,20.6,59.97,4.22,22.22
58,,250,30,11,72.92,2.19,20.6,59.16,4.65,22.12
59,,250,30,12,71.94,1.81,20.8,59.13,4.64,22.47
60,,250,30,13,73.37,2.18,20.35,60.19,4.45,22.43
61,,250,30,14,72.35,1.65,20.44,59.9,4.43,22.45
62,,250,30,15,73.57,2.1,20.12,60.54,4.46,22.36
63,,250,30,16,72.41,1.65,20.19,60.45,4.18,22.4
64,,250,30,17,73.53,2.18,20.04,59.03,5.08,22.41
65,,250,30,18,72.32,1.66,20.13,58.65,4.79,22.29
66,,250,30,19,73.73,2.24,20.04,60.34,4.79,22.69
67,,250,30,20,73.18,1.71,19.77,60.32,4.41,22.5
4,,250,40,5,72.47,1.93,23.31,58.93,4.66,23.47
5,,250,40,6,72.41,1.29,22.72,59.9,4,23.07
6,,250,40,7,72.44,1.74,22.86,58.02,4.75,22.89
7,,250,40,8,72.86,1.35,22.65,58.51,4.49,22.87
8,,250,40,9,72.86,1.8,22.47,57.6,4.99,22.66
9,,250,40,10,73.05,1.4,22.76,57.89,4.8,22.62
10,,250,40,11,72.79,1.87,22.75,57.08,5.15,22.67
11,,250,40,12,73.1,1.48,22.73,57.58,4.88,22.84
12,,250,40,13,72.89,1.72,22.55,57.89,4.8,22.62
13,,250,40,14,72.52,1.44,22.77,57.7,4.63,22.91
14,,250,40,15,72.75,1.6,22.3,57.95,4.57,22.56
15,,250,40,16,72.64,1.41,23.03,57.77,4.7,23.24
16,,250,40,17,72.44,1.67,22.73,56.9,4.99,22.77
17,,250,40,18,72.45,1.49,23.17,56.88,4.98,23.16
18,,250,40,19,72.86,1.67,22.23,58.74,4.44,22.71
19,,250,40,20,72.54,1.35,22.97,57.99,4.74,23.26
28,,250,40,5,73.43,1.28,24.73,59.73,4.31,23.9
29,,250,40,6,72.75,1.41,24.33,58.31,4.71,24.11
30,,250,40,7,74.91,1.36,23.46,58.92,4.56,23.47
31,,250,40,8,73.34,1.46,24.14,57.45,4.89,23.66
32,,250,40,9,75.13,1.78,23.46,58.76,5.13,23.29
33,,250,40,10,73.43,1.46,24.18,57.38,5.01,23.72
34,,250,40,11,73.83,2.3,25.69,57.27,5.48,23.67
35,,250,40,12,71.34,1.99,27.18,56.22,5.48,24.46
36,,250,40,13,73.65,2.25,25.48,58.26,5.38,23.31
37,,250,40,14,72.24,1.84,26.91,58.16,4.95,24.42
38,,250,40,15,73.23,2.21,25.45,57.66,5.57,23.57
39,,250,40,16,71.99,1.94,27,58.23,5.13,24.76
41,,250,40,18,72.73,1.92,26.16,56.77,5.41,24.22
42,,250,40,19,75.01,2.12,22.31,58.97,5.4,22.65
43,,250,40,20,73.99,1.62,24.59,58.28,5.14,23.99
52,,250,40,5,75.77,2.84,21.29,62.56,5.38,23.48
53,,250,40,6,77.97,2.66,18.85,65.29,5.16,22.83
54,,250,40,7,75.32,2.54,20.92,62.01,4.84,22.09
55,,250,40,8,77.56,2.7,19.26,64.03,5.23,22.35
56,,250,40,9,75.17,2.6,21.11,61.15,5.35,22.53
57,,250,40,10,76.32,2.58,19.45,61.77,5.46,22.46
58,,250,40,11,75.82,2.46,20.71,62.39,4.92,22.47
59,,250,40,12,78.23,2.3,18.31,64.12,4.97,21.55
60,,250,40,13,75.56,2.41,20.56,61.88,5.14,22.51
61,,250,40,14,75.89,2.38,19.57,62.09,5.01,22.21
62,,250,40,15,75.47,2.48,20.62,61.97,5.09,23.07
63,,250,40,16,75.13,2.31,20.09,62.45,4.9,22.58
64,,250,40,17,75.52,2.67,20.81,62.37,4.99,22.95
66,,250,40,19,75.17,2.73,21.33,61.71,5.25,23.27
4,,250,50,5,72.27,2.16,20.76,56.07,4.73,22.01
5,,250,50,6,71.36,2.37,21.08,55.45,5.05,22.07
6,,250,50,7,72.49,2.24,20.41,56.18,4.83,21.57
7,,250,50,8,71.66,2.49,21.26,55.69,5.08,22.1
8,,250,50,9,71.83,2.35,20.81,55.32,5.11,21.59
9,,250,50,10,71.6,2.34,21.28,55.22,5.02,21.84
10,,250,50,11,71.89,2.28,20.54,55.54,4.81,21.61
11,,250,50,12,71.79,2.53,21.64,55.52,5.02,22.21
12,,250,50,13,71.49,2.31,20.66,55.3,4.99,21.78
13,,250,50,14,70.97,2.64,21.11,54.98,5.21,22.02
14,,250,50,15,71.54,2.38,20.64,55.7,4.97,21.9
15,,250,50,16,71.64,2.73,21.06,54.04,5.22,21.06
16,,250,50,17,71.33,2.25,20.63,54.74,5.29,21.99
17,,250,50,18,71.65,2.88,21.07,53.59,5.58,21.78
18,,250,50,19,70.93,2.22,20.52,54.75,5.4,21.99
19,,250,50,20,71.94,2.76,21.23,54,5.77,22.33
28,,250,50,5,72.88,1.65,18.34,58.74,4.09,21.15
30,,250,50,7,73.63,1.67,18.69,58.31,4.51,21.45
31,,250,50,8,73.7,1.58,17.63,58.73,4.58,21.88
32,,250,50,9,73.98,1.74,18.52,56.69,5.01,21.27
33,,250,50,10,73.81,1.58,17.48,57.75,4.69,21.12
34,,250,50,11,71.42,2.3,20.93,55.42,5.3,21.54
35,,250,50,12,71.37,2.2,19.93,55.76,5.52,21.53
36,,250,50,13,70.99,2.33,21.18,55.27,5.25,21.25
37,,250,50,14,72.58,2.19,19.82,57.52,5.16,21.65
38,,250,50,15,71.78,2.28,20.72,56.75,5.09,21.6
40,,250,50,17,71.56,2.43,21.2,55.4,5.51,22.15
41,,250,50,18,72.25,2.22,19.68,56.81,5.26,22.12
42,,250,50,19,73.33,1.88,19.07,57.58,4.83,21.59
43,,250,50,20,72.99,1.87,18.41,58.09,4.77,21.79
52,,250,50,5,69.77,1.61,20.78,52.74,4.54,18.81
53,,250,50,6,69.03,1.54,20.47,52.45,4.26,18.95
54,,250,50,7,69.99,1.74,20.78,51.33,4.79,18.58
55,,250,50,8,69.59,1.57,20.28,51.76,4.38,18.53
56,,250,50,9,69.83,1.76,20.75,50.24,4.93,18.13
57,,250,50,10,69.52,1.49,20.43,51.58,4.44,18.63
58,,250,50,11,69.57,1.94,20.92,49.66,4.88,17.99
59,,250,50,12,69.73,1.39,20.31,51.23,4.69,18.63
60,,250,50,13,69.25,1.9,20.86,49.68,4.88,17.77
61,,250,50,14,69.74,1.47,20.31,50.68,4.76,18.51
62,,250,50,15,68.91,1.81,20.2,49.67,4.62,17.54
63,,250,50,16,69.73,1.55,20.44,51.03,4.63,18.73
64,,250,50,17,68.88,1.83,19.86,50.4,4.86,18.46
65,,250,50,18,69.84,1.46,20.37,50.76,4.98,18.91
66,,250,50,19,69.63,1.75,19.8,51.85,4.84,19.12
67,,250,50,20,69.36,1.81,20.79,50.02,5.12,18.68
4,,275,10,5,74.32,1.8,18.45,59.7,4.53,21.27
5,,275,10,6,76.63,2.3,17.18,59.98,5.07,20.99
6,,275,10,7,74.88,1.91,18.58,57.86,4.98,20.91
7,,275,10,8,76.5,2.24,17.04,58.11,5.23,20.78
8,,275,10,9,74.92,1.91,18.66,56.97,5.27,20.76
9,,275,10,10,76,2.37,17.39,56.94,5.51,20.45
10,,275,10,11,74.45,1.92,18.8,55.64,5.48,20.86
11,,275,10,12,75.83,2.32,17.18,55.94,5.74,20.34
12,,275,10,13,74.03,1.94,18.71,55.97,5.28,20.46
13,,275,10,14,75.49,2.31,17.53,56.06,5.36,20.42
14,,275,10,15,74.58,1.84,18.83,56.21,5.41,20.7
15,,275,10,16,75.56,2.13,17,56.31,5.39,20.27
16,,275,10,17,74.07,1.86,18.79,52.9,6.45,21.5
17,,275,10,18,75.09,2.06,17.12,54.22,6.11,20.64
18,,275,10,19,74.09,1.91,19.19,55.2,6.03,22.14
19,,275,10,20,75.71,2.3,17.52,55.9,6.04,21.31
28,,275,10,5,76.3,2.73,19.18,57.37,5.76,21.28
29,,275,10,6,76.68,3.08,21.15,56.9,6.01,21.59
30,,275,10,7,77.42,2.79,18.88,57.52,5.71,21.18
31,,275,10,8,76.78,3.02,20.89,57.12,5.93,21.81
32,,275,10,9,77.65,2.74,18.66,57.15,6.04,21.44
33,,275,10,10,76.95,2.86,20.09,56.53,5.83,21.08
34,,275,10,11,77.42,2.79,18.88,57.44,6.04,21.61
35,,275,10,12,76.98,2.85,20.27,56.84,5.94,21.26
36,,275,10,13,77.34,2.8,18.83,59.06,5.72,21.61
37,,275,10,14,76.86,2.86,20.24,57.88,5.69,21.48
38,,275,10,15,77.4,2.62,18.41,58.97,5.74,21.83
39,,275,10,16,76.67,2.92,20.46,56.44,6.16,21.72
40,,275,10,17,77.07,2.85,19.07,57.18,6.3,22.53
41,,275,10,18,76.27,2.93,20.6,55.97,6.33,21.85
42,,275,10,19,76.44,2.67,19.01,58.3,6.13,22.47
43,,275,10,20,76.28,2.87,20.39,57.03,6.05,22.05
52,,275,10,5,80.06,3.57,16.65,60.8,6.53,19.88
53,,275,10,6,82.25,2.77,15.54,64.97,6.48,20.11
54,,275,10,7,78.94,3.49,16.74,53.92,6.29,18.91
55,,275,10,8,82.09,2.81,15.7,61.4,6.79,20.5
56,,275,10,9,73.03,2.66,16,52.83,4.02,15.69
57,,275,10,10,76.61,2.96,16.41,59.05,4.89,17.35
58,,275,10,11,80.67,2.88,16.12,55.59,6.04,18.58
59,,275,10,12,81.35,3.2,16.33,58.65,6.68,18.96
60,,275,10,13,81.93,3.07,16.12,60.91,6.52,19.21
61,,275,10,14,81.95,3.25,16.13,59.78,6.59,19.33
62,,275,10,15,81.27,3.31,16.54,57.95,6.89,19.5
63,,275,10,16,81.48,3.5,16.54,59.63,7,19.93
64,,275,10,17,81.51,3.1,16.16,60.17,7.09,20.6
65,,275,10,18,78.66,4.19,16.85,55.45,7.16,19.65
66,,275,10,19,81.31,3.14,16.34,60.95,7.12,20.48
67,,275,10,20,79.47,3.62,15.82,53.93,7.62,20.36
76,,275,10,5,76.67,2.65,18.22,63.82,4.33,21.52
77,,275,10,6,80.52,2.9,16.7,67.3,6.17,21.3
78,,275,10,7,75.16,2.57,19.29,63.01,4.31,22.16
79,,275,10,8,80.07,2.88,16.74,66.47,5.89,21.09
80,,275,10,9,73.96,2.53,21.1,61.76,4.47,23.47
81,,275,10,10,79.18,2.71,17.16,65.85,5.61,21.29
82,,275,10,11,72.92,2.47,22.39,62.49,3.9,23.85
83,,275,10,12,78.84,2.82,17.33,66.92,5.19,21.41
84,,275,10,13,73.15,2.44,22.46,62.94,3.84,24.77
85,,275,10,14,78.84,2.75,17.33,66.28,5.25,21.4
87,,275,10,16,78.31,2.79,17.78,66.94,5.24,22.07
89,,275,10,18,77.66,2.75,18.47,65.96,4.58,22.75
90,,275,10,19,72.7,2.53,24.25,62.4,4.35,24.75
91,,275,10,20,75.31,2.7,20.53,63.74,4.16,23.61
4,,275,20,5,80.8,3.73,18.16,58.53,7.46,20.58
5,,275,20,6,81.25,3.71,17.83,58.56,7.37,20.06
6,,275,20,7,80.68,4.01,18.51,55.67,7.59,20.48
7,,275,20,8,80.76,3.96,18.46,55.53,7.76,20.39
8,,275,20,9,80.7,3.83,18.56,52.03,7.26,19.22
9,,275,20,10,80.23,4,18.66,53.95,7.73,20.17
10,,275,20,11,79.95,4.12,18.74,58.92,7.15,19.84
11,,275,20,12,80.98,4.18,18.87,56.17,7.42,20
12,,275,20,13,79.61,4.44,19.5,54.47,7.54,19.86
13,,275,20,14,80.97,4.06,18.86,54.97,7.56,19.95
14,,275,20,15,80.61,4.1,18.98,63.2,7.71,21.66
15,,275,20,16,80.38,3.93,18.75,59.39,7.25,20.73
16,,275,20,17,80.16,4.15,19.24,56.39,7.53,20.42
17,,275,20,18,79.14,3.92,19.07,52.66,7.58,19.71
18,,275,20,19,80.55,4.09,19.27,56.15,8.02,21.16
19,,275,20,20,79.67,4.37,19.72,53.7,7.94,20.33
28,,275,20,5,79.03,3.34,18.27,56.5,7.71,20.2
29,,275,20,6,79.21,3.29,17.99,56.79,7.29,20.18
30,,275,20,7,79.08,3.29,18.06,54.56,7.61,19.81
31,,275,20,8,79.6,3.08,17.42,55.6,7.31,19.94
32,,275,20,9,78.87,3.16,17.98,52.94,7.59,19.55
33,,275,20,10,79.55,3.07,17.53,53.96,7.51,19.75
34,,275,20,11,78.73,3.22,18.14,51.67,7.64,19.66
35,,275,20,12,79.45,3.17,17.85,52.65,7.69,19.92
36,,275,20,13,78.84,3.29,17.91,51.32,7.79,19.46
37,,275,20,14,79.76,3.14,17.52,52.64,7.58,19.92
38,,275,20,15,79.01,3.24,17.82,51.69,7.52,19.23
39,,275,20,16,79.76,3.08,17.43,52.39,7.58,19.66
40,,275,20,17,78.72,3.26,18.42,53.02,7.78,19.92
41,,275,20,18,79.78,3.12,17.77,53.87,7.76,20.22
42,,275,20,19,78.91,3.23,17.96,53.27,8.01,20.4
43,,275,20,20,79.86,3.01,17.54,53.37,8.31,20.56
52,,275,20,5,76.3,2.61,19.08,56.28,5.8,21.23
53,,275,20,6,77.16,3.04,19.23,54.94,6.81,22
54,,275,20,7,76.05,2.63,18.82,55.49,5.75,20.97
55,,275,20,8,76.61,3.22,19.84,53.04,6.89,21.25
56,,275,20,9,76.98,2.48,18.61,55.34,6.02,21.09
57,,275,20,10,76.71,3.23,19.69,52.53,6.75,20.73
58,,275,20,11,76.64,2.58,19.28,53.62,6.77,21.47
59,,275,20,12,76.57,3.11,19.56,51.54,7.14,20.96
60,,275,20,13,76.41,2.58,19.4,54.1,6.46,21.53
61,,275,20,14,76.47,3.1,19.71,51.39,7.22,20.64
62,,275,20,15,76.77,2.52,19.2,54.05,6.5,21.17
63,,275,20,16,76.47,3.04,19.71,51.71,6.83,20.83
64,,275,20,17,75.59,2.69,20.36,52.59,7.06,21.55
65,,275,20,18,75.97,3.05,19.89,51.1,7.21,20.83
66,,275,20,19,76.64,2.65,19.38,54.1,6.68,21.95
67,,275,20,20,76.58,3.05,19.35,53.02,6.89,21.46
78,,275,20,7,72.48,1.77,20.7,54.62,4.47,20.26
80,,275,20,9,72.47,2.33,18.71,52.21,4.48,18.7
82,,275,20,11,72.85,2.61,17.19,51.66,4.95,18.02
83,,275,20,12,72,2.21,18.94,52.22,4.6,18.7
84,,275,20,13,75.24,2.67,16.24,53.88,5.16,18.08
85,,275,20,14,70.77,2.45,17.82,50.96,4.66,18.36
86,,275,20,15,75.85,2.72,16.17,54.72,5.33,18.42
87,,275,20,16,72.62,2.26,17.16,53.03,4.58,18.47
88,,275,20,17,77.08,3.44,17.07,53.24,5.97,18.28
89,,275,20,18,74.56,2.44,15.84,54.19,4.92,18.28
90,,275,20,19,80.34,3.18,16.14,57.34,5.85,19.39
91,,275,20,20,75.85,2.72,16.17,56.18,5.29,18.57
4,,275,30,5,72.11,1.24,24.18,48.25,5.66,19.05
5,,275,30,6,71.78,1.34,24.08,48.13,5.56,19.11
6,,275,30,7,72.33,1.35,24.74,46.6,5.92,18.84
7,,275,30,8,71.8,1.46,24.67,46.39,5.72,18.45
8,,275,30,9,72.3,1.29,24.41,45.74,5.85,18.33
9,,275,30,10,71.68,1.35,24.15,45.64,5.75,18.13
10,,275,30,11,72.25,1.37,24.45,48.7,5.72,19.95
11,,275,30,12,72.22,1.31,24.11,48.39,5.57,19.9
12,,275,30,13,73.01,1.27,23.9,47.94,5.78,19.25
13,,275,30,14,72.37,1.37,24.13,47.2,5.65,19.2
14,,275,30,15,73.13,1.36,23.59,48.04,5.74,19.18
15,,275,30,16,72.23,1.32,23.99,47.53,5.53,18.75
16,,275,30,17,72.86,1.45,23.45,45.1,6.43,18.49
17,,275,30,18,72.24,1.4,23.87,46.07,6,18.66
18,,275,30,19,73.03,1.53,23.12,47.26,6.5,19.23
19,,275,30,20,72.9,1.3,23.41,48.04,5.87,19.43
28,,275,30,5,75.91,3.32,21.15,56.11,6.73,21.43
29,,275,30,6,75.37,3.26,20.35,52.82,6.66,20.14
30,,275,30,7,76.29,3.13,20.5,54.6,6.55,20.45
31,,275,30,8,75.46,3.32,20.4,53.1,6.68,19.98
32,,275,30,9,76.68,3.24,20.68,51.61,7.04,19.86
33,,275,30,10,75.42,3.26,20.32,51.88,6.69,19.46
34,,275,30,11,76.79,3.12,20.31,51.24,6.94,19.64
35,,275,30,12,75.33,3.13,20.16,50.96,6.93,19.59
36,,275,30,13,77.05,3.06,20.15,51.52,6.84,19.47
37,,275,30,14,75.13,3.2,20.38,50.86,6.85,19.64
38,,275,30,15,77.11,2.94,19.82,54.76,6.49,20.54
39,,275,30,16,74.94,3.21,20.49,55.08,6.47,20.73
40,,275,30,17,77.32,2.84,19.22,51.8,6.85,19.52
41,,275,30,18,75.33,3.13,20.16,51.5,6.59,19.46
42,,275,30,19,77.51,2.79,18.83,51.88,6.57,19.24
43,,275,30,20,75.76,3,19.6,52.14,6.59,19.51
52,,275,30,5,83.35,2.95,15.97,55.27,7.22,19.94
53,,275,30,6,84.15,2.94,15.51,55.17,7.88,20.99
54,,275,30,7,83.24,2.94,15.94,53.1,7.52,19.65
55,,275,30,8,83.98,2.99,15.44,53.86,7.98,20.64
56,,275,30,9,83.25,2.84,15.7,52.47,7.54,19.81
57,,275,30,10,83.91,2.93,15.32,53.08,7.97,20.5
58,,275,30,11,83.09,2.98,16.02,52.08,7.21,19.8
62,,275,30,15,83.48,3.03,15.76,56.93,6.52,19.33
63,,275,30,16,83.56,2.99,15.64,56.3,7.35,20.46
64,,275,30,17,83.52,2.98,15.74,54.09,7.22,20.04
65,,275,30,18,83.35,2.92,15.51,54.59,7.46,20.54
66,,275,30,19,83.36,2.96,15.89,53.08,7.74,20.28
67,,275,30,20,83.35,2.98,15.51,54.57,7.78,21.16
76,,275,30,5,73.58,1.9,23.9,52.76,5.2,20.66
77,,275,30,6,72.63,1.72,24.33,51.73,5.58,20.5
78,,275,30,7,73.26,2.07,23.92,51.2,5.55,19.97
79,,275,30,8,72.58,1.65,24.24,50.37,5.61,19.83
80,,275,30,9,73.12,2,23.9,50.2,5.56,19.49
81,,275,30,10,72.63,1.86,24.46,49.06,5.88,19.29
82,,275,30,11,71.87,1.94,24.19,48.75,5.73,19.23
83,,275,30,12,71.96,2.07,24.5,47.46,5.99,18.83
84,,275,30,13,70.84,1.86,24.57,47.97,5.79,18.76
85,,275,30,14,72.49,2.05,23.88,47.7,6.05,18.46
86,,275,30,15,70.63,1.73,24.46,48.47,5.72,18.93
87,,275,30,16,72.23,1.88,23.24,47.7,6.05,18.46
88,,275,30,17,70.29,1.67,24.82,49.01,5.61,19.75
89,,275,30,18,72.14,1.82,23.06,48.86,5.83,19.17
90,,275,30,19,70.47,1.6,24.31,49.88,5.41,19.66
91,,275,30,20,71.35,1.68,22.64,49.71,5.61,19.56
4,,275,40,5,74.22,2.61,16.88,44.25,6.39,17.13
5,,275,40,6,78.16,3.14,17.25,47.67,6.79,18.06
6,,275,40,7,74.04,2.46,17.14,44.37,6.03,16.79
7,,275,40,8,76.51,2.64,16.15,46.81,6.45,17.79
8,,275,40,9,73.16,2.29,18.57,43.28,5.7,16.53
9,,275,40,10,75.53,2.44,16.47,45.38,6.34,17.56
10,,275,40,11,72.31,2.19,20.19,42.8,5.59,16.22
11,,275,40,12,74.83,2.42,17.17,44.71,6.19,17.14
12,,275,40,13,72.93,2.17,19.63,44.32,5.41,16.77
13,,275,40,14,74.74,2.42,17.21,45.7,5.9,17.36
14,,275,40,15,73.28,2.15,19.54,45.33,5.44,17.27
15,,275,40,16,75.38,2.37,16.53,46.99,6.08,17.9
16,,275,40,17,73.67,2.32,18.83,45.81,5.56,17.03
17,,275,40,18,75.72,2.31,16.19,48.25,6.26,18.18
18,,275,40,19,73.62,2.62,18.57,45.26,5.79,17.08
19,,275,40,20,76.68,2.31,15.87,49.45,6.3,18.43
28,,275,40,5,76.49,2.95,19.98,48.73,5.78,18.11
29,,275,40,6,75.07,3.13,20.51,49.72,6.31,18.72
30,,275,40,7,76.3,3.29,21.21,47.45,6.87,18.43
31,,275,40,8,74.73,3.26,21.03,48.58,6.8,18.5
32,,275,40,9,76.98,3.13,20.11,49.38,6.34,18.04
33,,275,40,10,75.74,3.06,19.92,48.28,6.66,18.19
34,,275,40,11,77.29,3.13,19.93,48.48,6.58,18.08
35,,275,40,12,76.33,3.04,19.78,47.97,6.65,18.13
36,,275,40,13,76.96,3.18,20.41,47.16,7.01,18.12
37,,275,40,14,75.92,3.27,20.83,47.25,6.97,18.31
38,,275,40,15,76.75,3.13,20.24,47.47,7.01,18.19
39,,275,40,16,76.55,3.02,19.86,48.59,6.93,18.5
40,,275,40,17,77.04,3.09,19.68,47.37,6.65,17.75
41,,275,40,18,76.55,3.15,19.96,48.38,6.62,18.13
42,,275,40,19,77.03,3.01,19.77,47.99,7.06,18.38
43,,275,40,20,76.87,3.03,19.58,50.42,6.67,18.8
52,,275,40,5,74.75,1.65,22.22,48.27,5.93,19.06
53,,275,40,6,74.87,1.87,21.95,47.39,6.32,18.66
54,,275,40,7,75.17,1.64,22.05,47.36,6.18,18.9
55,,275,40,8,75.1,1.86,22.02,46.64,6.35,18.6
56,,275,40,9,74.96,1.6,21.66,46.42,6.15,18.47
57,,275,40,10,75.06,2,22.05,46.12,6.44,18.41
58,,275,40,11,74.73,1.74,21.81,46.44,6.16,18.21
59,,275,40,12,74.91,1.83,21.4,46.23,6.39,18.35
60,,275,40,13,75.21,1.74,21.52,46.44,6.16,18.21
61,,275,40,14,75.21,1.87,21.63,46,6.49,18.48
62,,275,40,15,75.17,1.74,21.44,45.9,6.39,18.28
63,,275,40,16,74.8,1.75,21.57,46.42,6.44,18.73
64,,275,40,17,74.76,1.99,22.46,46.22,6.25,18.34
65,,275,40,18,75.28,1.72,21.78,47.99,6.33,19.02
66,,275,40,19,75.24,1.92,22.04,47.7,6.32,18.72
67,,275,40,20,74.56,1.95,21.95,48.89,6.23,19.19
76,,275,40,5,83.13,3.76,17.49,49.78,7.45,19.22
77,,275,40,6,84.68,3.52,16.2,53.42,7.6,20.27
78,,275,40,7,83.1,3.82,17.44,47.79,7.28,18.51
79,,275,40,8,84.72,3.59,16.19,51.74,7.71,20.05
80,,275,40,9,83.56,3.61,16.86,49.78,7.08,18.75
81,,275,40,10,84.82,3.44,16.04,51.93,7.29,19.49
83,,275,40,12,84.41,3.53,16.49,50.65,7.59,19.39
85,,275,40,14,84.52,3.45,16.27,49.4,7.5,19
87,,275,40,16,84.75,3.43,16.08,50.08,7.83,19.52
88,,275,40,17,83.29,3.68,17.16,48.1,7.15,18.33
89,,275,40,18,83.89,3.68,16.93,49.3,7.54,19.06
90,,275,40,19,83.83,3.53,16.64,50.06,7.21,19.04
91,,275,40,20,83.82,3.57,16.8,49.3,7.54,19.06
4,,275,50,5,79.35,2.92,16.75,47.91,6.84,17.71
5,,275,50,6,76.44,2.65,17.11,50.14,5.91,17.83
6,,275,50,7,79.07,2.99,16.72,46.95,6.55,17.49
7,,275,50,8,76.26,2.59,17.1,47.75,5.79,17.26
8,,275,50,9,79.06,2.86,16.71,46.1,6.64,17.21
9,,275,50,10,76.12,2.58,17.26,46.42,6.07,16.77
10,,275,50,11,78.68,3.03,17,46.73,6.36,17.35
11,,275,50,12,76.58,2.65,17.05,45.84,5.86,16.79
12,,275,50,13,78.97,2.92,16.75,45.99,6.54,17.01
13,,275,50,14,75.95,2.27,16.74,45.51,5.85,16.71
14,,275,50,15,79.02,2.98,16.83,45.76,6.49,17.12
15,,275,50,16,73.89,2.26,17.1,44.27,5.62,16.04
16,,275,50,17,79.22,2.98,16.82,45.22,6.74,16.92
17,,275,50,18,75.11,2.34,17.13,44.95,5.79,16.48
18,,275,50,19,79.55,2.87,16.74,45.78,6.79,17.13
19,,275,50,20,75.11,2.41,17.24,44.38,5.73,16.25
28,,275,50,5,82.3,3.2,16.35,47.18,7.15,17.88
29,,275,50,6,83.58,2.98,15.86,49.79,7.58,19.23
30,,275,50,7,82.35,3.09,16.16,46.85,7.02,17.81
31,,275,50,8,83.7,3.05,15.81,49.2,7.58,19.12
32,,275,50,9,82.53,3.15,16.31,46.34,6.97,17.35
33,,275,50,10,83.79,2.91,15.45,49.2,7.33,18.87
34,,275,50,11,82.62,3.12,16.11,46.44,7.07,17.55
35,,275,50,12,83.96,2.92,15.6,49.78,7.2,18.99
36,,275,50,13,82.7,3.07,15.99,45.9,7.03,17.34
37,,275,50,14,83.81,3.01,15.75,48.8,7.37,18.87
38,,275,50,15,82.57,3.11,16.21,45.24,7.18,17.19
39,,275,50,16,83.48,3.13,16,47.27,7.51,18.58
40,,275,50,17,82.99,3.09,16,47.18,7.29,18.13
41,,275,50,18,83.55,3.14,16.05,49.59,7.66,19.35
42,,275,50,19,82.88,2.97,15.89,49.3,7.28,18.81
43,,275,50,20,83.45,3.09,15.78,50.9,7.22,19.43
52,,275,50,5,72.86,3.09,21.82,47.64,6.37,18.05
53,,275,50,6,75.17,2.93,20.23,49.16,6.16,18.14
55,,275,50,8,75.83,2.79,19.64,53.28,5.24,18.2
56,,275,50,9,73.06,3.01,21.58,51.32,5.82,18.46
57,,275,50,10,75.33,2.88,19.83,52.15,5.64,18.22
59,,275,50,12,75.64,2.86,19.85,51.52,6.12,18.58
60,,275,50,13,72.82,2.89,21.5,49.37,5.82,17.57
61,,275,50,14,76.22,2.68,19.03,50.63,5.86,17.58
62,,275,50,15,73.21,2.93,21.37,47.26,6.28,17.31
63,,275,50,16,75.44,2.79,20.06,53.44,6.09,19.34
64,,275,50,17,73.71,2.77,20.95,41.64,6.99,16.06
65,,275,50,18,74.45,3.11,21.5,43.95,7.32,17.36
66,,275,50,19,73.55,2.84,21.27,44.54,6.75,16.75
67,,275,50,20,75.38,2.65,20.08,47.05,6.37,17.42
4,,300,10,5,71.13,1.62,19.78,46.2,5.81,18.07
5,,300,10,6,70.43,1.72,20.41,45.57,5.95,17.68
6,,300,10,7,71.03,1.48,19.6,45.99,5.62,17.68
7,,300,10,8,70.16,1.74,20.56,45.25,5.94,17.35
8,,300,10,9,70.81,1.56,19.95,44.91,5.94,17.27
9,,300,10,10,70.27,1.73,20.5,43.67,6.19,16.63
10,,300,10,11,70.89,1.43,19.33,45.12,5.84,17.41
11,,300,10,12,70.34,1.74,20.23,44.9,6.09,17.54
12,,300,10,13,69.98,1.25,19.57,44.22,5.93,17.12
13,,300,10,14,69.68,1.93,20.86,43.66,6.18,16.9
14,,300,10,15,70.53,1.3,19.29,44.13,6.13,16.92
15,,300,10,16,70.38,1.95,20.69,43.55,6.24,16.69
16,,300,10,17,70.42,1.3,19.35,43.88,6.08,17.04
17,,300,10,18,69.8,1.86,20.54,42.84,6.4,16.53
18,,300,10,19,70.73,1.28,19.29,45.69,5.75,17.36
19,,300,10,20,69.7,1.8,20.36,44.48,6.13,17
28,,300,10,5,68.5,0.65,20.95,45.29,5.59,18.06
29,,300,10,6,68.08,1.03,20.97,45.06,5.38,17.92
30,,300,10,7,69.3,0.93,22.21,43.71,5.97,17.66
31,,300,10,8,69.05,0.81,21.73,45.38,5.39,18.25
32,,300,10,9,70.13,1.16,21.12,45.41,5.84,18.27
33,,300,10,10,68.01,1.62,21.07,43.91,5.24,17.5
34,,300,10,11,70.08,1.5,20.7,45.09,6.13,18.21
35,,300,10,12,69.8,1.14,20.48,46.38,5.43,18.19
36,,300,10,13,71.46,1.57,20.16,45.09,6.13,18.21
37,,300,10,14,70.54,1.64,20.22,46.2,5.38,17.55
38,,300,10,15,71.43,1.26,21.74,46.36,6,19.24
39,,300,10,16,72.26,0.91,21.53,48.76,5.6,18.99
40,,300,10,17,73.67,1.83,18.38,47.33,6.03,19.15
41,,300,10,18,73.22,1.77,18.49,47.27,5.53,17.95
42,,300,10,19,71.66,2.28,18.14,48.85,5.82,19.41
43,,300,10,20,71.74,2.11,18.19,50.12,5.22,18.86
52,,300,10,5,81.9,3.7,17.33,53.67,7.99,19.58
53,,300,10,6,81.79,3.67,17.79,52.25,7.66,19.13
54,,300,10,7,82.79,3.63,17.34,56.11,7.55,19.86
55,,300,10,8,82.18,3.7,17.67,51.88,7.68,19.34
56,,300,10,9,83.3,3.71,17.63,55.86,7.95,20.59
57,,300,10,10,82.14,3.8,17.78,50.51,7.8,18.85
58,,300,10,11,82.96,3.58,17.48,57.05,7.61,20.06
59,,300,10,12,80.85,4.03,18.33,51.62,7.33,18.63
60,,300,10,13,81.26,3.86,18.34,55.65,8.15,20.37
61,,300,10,14,81.49,3.91,18.48,55.25,7.89,19.83
62,,300,10,15,80.26,3.82,18.54,49.64,8.05,19.13
63,,300,10,16,81.99,3.84,18.94,51.87,7.92,19.78
64,,300,10,17,81.16,3.87,18.14,49.45,7.88,18.78
65,,300,10,18,82.07,3.61,18.05,48.93,7.72,18.83
66,,300,10,19,81.77,3.69,17.47,53.31,7.91,19.57
67,,300,10,20,80.87,3.77,17.7,51.7,7.41,18.8
76,,300,10,5,82.76,3.12,16.2,46.36,7.26,17.36
77,,300,10,6,82.42,3.12,16.76,49.6,7.16,18.64
78,,300,10,7,82.95,3.08,16.1,44.79,6.8,16.63
79,,300,10,8,82.35,3.12,16.72,47.29,7.11,17.82
80,,300,10,9,82.81,3.19,16.1,43.06,6.83,15.65
81,,300,10,10,82.15,3.21,16.9,46.55,6.74,17.23
82,,300,10,11,82.46,3.27,16.36,42.79,6.46,15.48
83,,300,10,12,82.33,3.13,16.49,44.91,6.9,16.58
84,,300,10,13,82.6,3.07,15.8,43.26,6.4,15.79
85,,300,10,14,82.16,3.11,16.65,45.47,6.64,16.54
86,,300,10,15,82.53,3.13,15.76,43.73,6.5,16.1
87,,300,10,16,81.89,3.2,16.79,44.89,6.3,16.3
88,,300,10,17,82.97,3.16,15.86,43.87,6.45,15.77
89,,300,10,18,81.5,3.28,17.08,42.27,6.2,15.43
90,,300,10,19,83.5,3.1,15.68,45.68,6.84,16.94
91,,300,10,20,81.46,3.39,17.19,44.09,6.5,16.19
5,,300,20,6,80.93,3.33,17.96,48.44,6.97,19.28
6,,300,20,7,79.3,3.3,17.86,40.59,6.46,15.38
7,,300,20,8,80.51,3.15,17.57,49.22,7.27,19.99
8,,300,20,9,78.89,3.24,17.8,39.8,6.13,14.55
9,,300,20,10,79.79,3.07,17.59,46.25,7.11,18.89
10,,300,20,11,79,3.17,17.82,42.87,7.05,16.83
11,,300,20,12,79.51,2.95,17.37,45.41,6.49,17.3
12,,300,20,13,79.21,3.23,17.9,42.98,7.31,17.34
13,,300,20,14,78.39,3,17.49,44.6,7.14,18.04
14,,300,20,15,78.92,3.18,17.77,42.63,7,16.68
15,,300,20,16,78.66,3.04,17.8,45.77,7.07,17.66
16,,300,20,17,78.29,3.05,17.72,44.06,7.57,17.85
17,,300,20,18,78.46,3.11,17.82,48.86,7.19,19.28
18,,300,20,19,78.08,3.11,17.83,47.52,6.69,18.61
19,,300,20,20,78.67,3.29,17.91,47.65,6.92,18.56
28,,300,20,5,79.26,2.47,16.84,42.03,5.98,14.98
29,,300,20,6,72.97,0.61,19.47,42.33,5.48,15.63
31,,300,20,8,72.91,0.54,19.49,40.02,5.28,14.4
33,,300,20,10,72.61,0.54,19.66,39.35,5.4,14.11
34,,300,20,11,78.25,2.2,16.77,39.25,5.1,13.25
35,,300,20,12,72.47,0.7,19.63,40.01,5.46,14.71
36,,300,20,13,77.95,2.07,16.63,40.05,5.1,13.8
37,,300,20,14,72.72,0.55,19.49,40.82,5.29,14.63
38,,300,20,15,77.43,1.78,16.93,48.9,5.63,16.91
40,,300,20,17,75.72,1.38,17.72,47.45,5.64,16.94
41,,300,20,18,72.54,0.63,19.38,47.62,5.41,17.3
42,,300,20,19,75.99,1.25,17.58,48.33,5.54,17.63
43,,300,20,20,72.87,0.72,18.89,47.99,4.97,17.54
52,,300,20,5,70.46,1.22,19.43,43.04,5.16,15.81
53,,300,20,6,70.62,1.29,19.35,43.39,5.17,16.18
54,,300,20,7,70.3,1.15,19.4,42.34,5.31,15.34
55,,300,20,8,70.45,1.29,19.67,43.2,5.12,15.21
56,,300,20,9,70.19,1.08,19.45,42.08,5.08,15.18
57,,300,20,10,70.36,1.38,19.5,42.82,5.1,15.38
58,,300,20,11,70.3,0.93,19.15,42.67,4.99,15.71
59,,300,20,12,70.73,1.47,20.22,43.05,5,15.53
60,,300,20,13,70.3,1.01,19.15,43.03,5,15.81
61,,300,20,14,70.52,1.26,20.09,43.16,4.95,15.74
62,,300,20,15,70.05,0.88,18.93,44.1,5.04,16.08
63,,300,20,16,70.01,1.42,20.85,41.85,5.02,14.73
64,,300,20,17,70.2,1.09,19.21,42.19,5.03,15.39
65,,300,20,18,69.34,1.49,20.65,41.19,4.95,14.73
66,,300,20,19,70.42,1.15,19.22,43.74,5.19,16.26
67,,300,20,20,69.11,1.31,19.93,41.84,5.19,15.02
76,,300,20,5,76,3.16,20.18,49.84,6.15,18.21
77,,300,20,6,72.83,3.41,22.66,46.94,6.41,17.48
78,,300,20,7,75.52,3.29,20.77,47.11,6.46,18.1
79,,300,20,8,72.88,3.54,22.87,44.61,6.54,17.22
80,,300,20,9,75.1,3.43,21.24,44.85,6.29,16.82
81,,300,20,10,72.86,3.67,23.23,42.39,6.8,16.24
82,,300,20,11,75.09,3.3,21.13,44.18,6.29,16.39
83,,300,20,12,72.8,3.63,22.7,43,6.35,15.91
84,,300,20,13,75.8,3.25,20,45.54,6.44,16.99
85,,300,20,14,73.52,3.53,21.79,44.87,5.84,16.03
86,,300,20,15,76.72,3.17,19.49,44.96,6.39,17.02
87,,300,20,16,73.62,3.45,21.72,44.76,6.64,16.89
88,,300,20,17,77.16,3.23,19.44,45.31,6.54,17.11
89,,300,20,18,74.34,3.47,21.5,45.1,6.64,16.97
90,,300,20,19,76.57,3.29,19.87,46.51,6.87,17.98
91,,300,20,20,74.16,3.49,21.4,46.42,6.36,17.02
5,,300,30,6,78.17,2.71,19.02,37.18,5.63,13.8
7,,300,30,8,78.5,2.83,19.22,36.71,5.23,13.32
8,,300,30,9,77.59,2.54,18.67,36.4,5.37,13.46
9,,300,30,10,78.55,2.84,19.1,37.18,5.43,13.46
10,,300,30,11,77.32,2.66,18.92,36.27,5.24,12.84
11,,300,30,12,78.18,2.78,19.02,37.74,5.74,14.52
12,,300,30,13,77.24,2.73,18.87,36.99,5.29,13.86
13,,300,30,14,77.97,2.78,18.95,37.47,5.69,14
14,,300,30,15,77.09,2.53,18.93,36.41,5.58,13.46
15,,300,30,16,77.48,2.65,19.11,37.6,5.22,13.92
16,,300,30,17,76.38,2.66,19.23,37.18,5.43,13.46
17,,300,30,18,76.32,2.62,18.88,38.05,5.41,14.05
18,,300,30,19,76.24,2.72,19.41,37.05,5.5,13.2
19,,300,30,20,75.77,2.69,19.07,38.5,5.6,14.18
28,,300,30,5,76.75,2.75,19.81,42.48,5.26,15.01
29,,300,30,6,76.01,2.56,20.01,40.98,5.06,13.99
30,,300,30,7,76.54,2.52,19.32,41.6,5.3,14.85
31,,300,30,8,76.41,2.8,20.3,40.46,4.93,13.63
32,,300,30,9,76.5,2.8,20.25,40.7,5.52,14.7
33,,300,30,10,76.15,2.91,20.96,39.64,4.73,13.37
34,,300,30,11,76.48,2.57,19.65,43.81,5.82,16.02
35,,300,30,12,76.08,2.8,20.59,41.36,5.41,14.69
36,,300,30,13,76.73,2.8,20.12,45.73,5.91,16.85
37,,300,30,14,76.58,2.8,20.3,43.19,5.44,15.76
38,,300,30,15,76.88,2.56,19.53,46.29,6.4,17.33
39,,300,30,16,75.89,2.99,20.92,45.39,6.05,17.03
40,,300,30,17,77.64,2.42,18.45,47.14,6.18,17.36
41,,300,30,18,76.87,2.68,19.83,46.04,6.06,17.44
42,,300,30,19,77.53,2.59,18.89,48.06,6.34,18.06
43,,300,30,20,76.86,2.74,20.04,47.77,6.2,17.51
52,,300,30,5,71.36,1.43,19.98,38.05,5.02,13.72
53,,300,30,6,71.96,1.25,19.86,38.88,5.21,14.6
54,,300,30,7,71.48,1.58,19.93,37.76,4.96,13.52
55,,300,30,8,71.19,1.21,20.05,37.88,4.89,13.78
56,,300,30,9,71.16,1.6,20.1,35.78,4.61,12.33
57,,300,30,10,70.53,1.34,20.09,36.72,4.62,12.64
58,,300,30,11,71.63,1.65,19.96,37.3,4.75,13.38
59,,300,30,12,71.02,1.14,20.14,37.14,4.82,13.45
60,,300,30,13,71.93,1.63,19.9,37.59,4.82,13.58
61,,300,30,14,70.77,1.16,20.05,36.55,4.89,13.04
62,,300,30,15,71.78,1.71,19.99,36.87,5.16,13.25
63,,300,30,16,70.45,1.18,20.23,36.73,4.82,12.64
64,,300,30,17,71.17,1.67,20.11,37.19,5.23,13.13
65,,300,30,18,70.65,1.15,20.35,37.33,4.96,13.06
66,,300,30,19,71.31,1.65,20.25,37.48,5.09,13.33
67,,300,30,20,70.81,1.15,20.26,36.14,4.68,11.88
76,,300,30,5,76.7,3.1,19.58,44.52,5.53,15.67
77,,300,30,6,73.69,2.96,21.41,41.52,5.53,14.35
78,,300,30,7,75.44,3.24,20.61,41.98,5.31,14.96
79,,300,30,8,73.19,3.12,21.95,39.37,5.03,13.49
80,,300,30,9,74.43,3.2,21.2,41.09,5.18,14.51
81,,300,30,10,72.98,3.19,22.32,39.07,4.97,13.6
82,,300,30,11,73.59,3.24,21.83,41.35,5.24,14.68
83,,300,30,12,73.06,3.18,22.48,39.09,4.97,13.3
84,,300,30,13,73.11,3.14,21.79,41.22,5.12,14.45
85,,300,30,14,73.12,3.18,22.33,38.25,4.77,12.71
86,,300,30,15,72.95,3.08,21.88,41.22,5.12,14.45
87,,300,30,16,72.85,3.25,22.85,37.52,4.69,12.35
88,,300,30,17,73.49,3.17,21.88,40.83,5.11,14.34
89,,300,30,18,72.99,3.3,23.11,36.93,4.96,12.26
90,,300,30,19,73.62,3.09,21.9,42.48,5.26,15.01
91,,300,30,20,72.34,3.35,23.32,38.53,4.84,12.91
4,,300,40,5,73.02,1.52,24.84,34.67,4.01,11
5,,300,40,6,73.73,1.96,23.91,36.07,4.68,12.89
6,,300,40,7,73.14,1.43,24.96,33.84,3.68,10.2
7,,300,40,8,73.52,1.96,24.17,36.56,4.68,12.7
8,,300,40,9,72.73,1.15,25.13,33.84,3.68,10.2
9,,300,40,10,73.26,1.82,24.46,36.08,4.47,12.54
10,,300,40,11,72.46,1.11,24.74,33.86,3.69,9.85
11,,300,40,12,73.17,1.63,24.05,36.41,4.54,12.42
12,,300,40,13,72.1,1.01,24.17,34.01,3.61,10.15
13,,300,40,14,72.69,1.45,23.8,36.56,4.27,12.36
14,,300,40,15,72.09,1.44,23.29,34,3.84,10.51
15,,300,40,16,72.97,1.42,23.94,36.1,4.47,12.2
16,,300,40,17,72.1,1.48,22.48,33.81,2.98,9.83
17,,300,40,18,72.84,1.44,23.69,35.49,3.88,11.07
18,,300,40,19,72.22,1.53,21.39,35.01,3.87,10.89
19,,300,40,20,73.57,1.44,24.31,35.98,4.75,11.94
28,,300,40,5,75.54,1.92,16.99,36.59,4.48,12.04
29,,300,40,6,73.95,1.78,17.73,37.48,4.49,12.67
30,,300,40,7,74.7,1.86,17.18,36.42,4.33,12.09
31,,300,40,8,73.54,1.85,18.13,37.29,4.35,13.04
32,,300,40,9,74.29,1.75,16.87,36.14,4.26,11.54
33,,300,40,10,73.91,1.76,18.25,36.42,3.91,11.75
34,,300,40,11,74.58,1.68,16.64,36.3,4.19,11.48
35,,300,40,12,73.01,1.74,18.08,36.41,4.12,12.08
36,,300,40,13,73.89,1.68,17.04,36.14,4.26,11.54
37,,300,40,14,72.83,1.79,18.59,36.42,3.91,11.75
40,,300,40,17,74.21,1.59,17.09,40.83,5.11,14.34
41,,300,40,18,72.36,1.66,18.81,39.98,4.74,14.39
42,,300,40,19,73.43,1.74,17.57,40.92,5.06,14.86
52,,300,40,5,71.88,2.27,20.77,33.27,3.43,10.35
53,,300,40,6,72.35,2.32,20.39,34.8,4.16,11.64
54,,300,40,7,72.17,2.1,20.7,32.76,3.41,9.77
55,,300,40,8,71.68,2.25,19.99,34.48,3.86,11.05
56,,300,40,9,72.43,2.23,20.56,32.42,3.07,9.13
57,,300,40,10,70.93,2.29,20.52,33.27,3.43,10.35
58,,300,40,11,72.26,2.44,21.12,32.56,3.24,9.82
59,,300,40,12,70.44,2.17,20.79,33.07,3.26,10.39
60,,300,40,13,72.4,2.39,20.48,34.1,3.77,11.51
61,,300,40,14,70.05,2.16,20.31,33.09,3.5,10.4
62,,300,40,15,72.65,2.3,20.33,33.77,3.91,11.28
63,,300,40,16,70.05,1.86,20.05,33.61,3.75,10.97
64,,300,40,17,72.09,2.26,20.54,35.26,4.39,12.51
65,,300,40,18,71.92,2.36,20.31,35.74,4.39,12.66
66,,300,40,19,71.67,2.42,21.02,34.47,4.08,11.4
67,,300,40,20,72.49,2.76,21.79,33.8,3.92,10.92
4,,300,50,5,75.36,1.82,17.45,35.16,5.12,12.24
5,,300,50,6,75.02,2.21,18.24,34.64,4.68,12.07
6,,300,50,7,74.95,1.96,17.66,34.28,4.61,12.19
7,,300,50,8,74.84,2.15,18.13,33.98,4.77,11.6
8,,300,50,9,74.83,1.88,17.91,33.25,3.91,11.09
9,,300,50,10,74.65,2.23,18.23,33.29,4.15,10.73
10,,300,50,11,74.76,1.97,17.75,33.48,3.83,10.31
11,,300,50,12,74.95,2.27,18.57,33.63,3.76,10.61
12,,300,50,13,74.59,1.82,17.92,37.87,4.69,13.77
13,,300,50,14,74.76,2.33,18.78,38.32,4.89,13.91
14,,300,50,15,75.46,1.83,17.41,36.55,4.89,13.04
15,,300,50,16,75.1,2.27,18.4,36.53,4.89,13.38
16,,300,50,17,75.63,1.95,17.62,35.91,4.75,12.95
17,,300,50,18,75.15,2.33,18.48,35.8,4.82,12.33
18,,300,50,19,75,2.2,18.44,35.81,5.04,12.34
19,,300,50,20,74.51,2.53,19.23,35.62,4.68,12.39
28,,300,50,5,81.13,2.92,15.83,35.29,3.73,11.46
29,,300,50,6,81.08,2.79,15.84,35.48,3.67,11.07
30,,300,50,7,81.32,2.98,15.99,34.3,3.01,10.38
31,,300,50,8,80.94,2.85,15.75,35.27,3.06,11.1
32,,300,50,9,81.01,2.97,15.89,33.65,2.81,9.53
33,,300,50,10,80.55,3.05,16.36,33.48,2.64,9.22
34,,300,50,11,81.33,3.05,15.91,33.09,2.28,9.29
35,,300,50,12,80.71,3.16,16.55,33.09,2.28,9.29
36,,300,50,13,81.33,3.22,16.09,33.11,3.02,9.67
37,,300,50,14,81.51,3.27,16.34,32.22,2.13,8.43
38,,300,50,15,79.71,4.3,17.84,32,2.19,8.83
39,,300,50,16,74.91,5.8,19.46,31.41,0.81,7.81
40,,300,50,17,81.53,2.89,15.65,33.82,3.45,10.2
41,,300,50,18,79.48,4.02,17.32,32.02,2.45,8.84
42,,300,50,19,81.99,2.87,15.59,34.84,3.94,10.94
43,,300,50,20,80.25,3.8,17,32.76,2.92,9.4
52,,300,50,5,74.32,1.72,22.5,35.47,3.88,11.41
53,,300,50,6,73.88,1.72,22.79,34.81,3.94,11.29
54,,300,50,7,74.19,1.77,23.02,33.96,3.61,10.85
55,,300,50,8,73.87,1.78,23.03,33.99,3.38,10.15
56,,300,50,9,74.07,1.72,22.78,34.33,3.47,10.4
57,,300,50,10,73.4,1.61,22.65,33.97,3.38,10.49
58,,300,50,11,74.08,1.82,23.44,34.18,3.54,10.1
59,,300,50,12,73.3,1.75,22.96,33.8,3.21,10.19
60,,300,50,13,73.83,1.83,23.6,34.67,4.01,11
61,,300,50,14,73.29,1.67,23.07,33.98,3.61,10.5
62,,300,50,15,72.96,1.87,23.88,33.31,3.19,9.63
63,,300,50,16,73.27,1.59,23.18,33.27,2.94,9.97
64,,300,50,17,73.34,1.67,22.92,34.81,3.94,11.29
65,,300,50,18,73.81,1.44,22.7,34.94,3.64,11.57
66,,300,50,19,73.4,1.68,22.77,35.16,4.02,11.18
67,,300,50,20,74.07,1.48,23.07,35.8,4.18,11.64
4,,325,10,5,73.53,2.15,20.67,33.98,3.14,10.14
5,,325,10,6,72.7,1.88,19.83,35,3.42,10.54
6,,325,10,7,73.25,2.17,20.62,33.85,3.45,9.85
7,,325,10,8,73.04,1.86,19.75,34.65,3.33,10.64
8,,325,10,9,72.95,2.25,20.92,34.49,3.63,10.69
9,,325,10,10,72.57,1.94,20.34,34.5,3.4,10.35
10,,325,10,11,73.12,2.15,21.13,35.94,4.11,11.92
11,,325,10,12,72.12,1.96,20.49,35.31,3.73,11.12
12,,325,10,13,72.77,2.16,21.35,35.31,3.73,11.12
13,,325,10,14,71.91,1.83,20.49,35.16,3.58,10.83
14,,325,10,15,72.24,2,20.98,34.65,3.78,10.99
15,,325,10,16,72.57,2,20.46,35.8,3.75,11.3
16,,325,10,17,71.8,1.89,20.78,34.86,3.94,10.6
17,,325,10,18,72.85,1.98,20.62,35.8,3.75,11.3
18,,325,10,19,71.15,1.7,21.14,35.45,3.66,11.4
19,,325,10,20,71.87,2.08,21.43,36.71,3.79,11.96
28,,325,10,5,76.29,2.82,18.81,36.35,4.33,13.09
29,,325,10,6,76.48,2.7,18.51,35.4,4.32,12.79
30,,325,10,7,77.46,2.51,17.99,36.23,4.61,12.82
31,,325,10,8,76.69,2.47,17.72,37.12,4.82,13.78
32,,325,10,9,77.15,2.51,18.15,36.07,4.68,12.89
33,,325,10,10,77.11,2.45,17.98,36.36,4.75,13.44
34,,325,10,11,77.1,2.51,18.17,36.54,4.68,13.03
35,,325,10,12,77.12,2.36,18.34,36.84,4.75,13.24
36,,325,10,13,76.46,2.53,17.93,36.53,4.27,12.69
37,,325,10,14,76.81,2.46,17.94,36.87,4.75,12.91
38,,325,10,15,75.31,3.54,20.21,35.25,3.95,12.15
39,,325,10,16,75.42,3.36,19.73,35.89,4.11,12.59
40,,325,10,17,75.88,3.27,20.76,33.96,4.07,11.22
41,,325,10,18,76.08,3.02,20.22,34.28,3.93,11.46
42,,325,10,19,76.22,2.99,19.45,36.54,5.1,13.38
43,,325,10,20,76.19,2.97,19.86,36.24,5.03,13.17
52,,325,10,5,82.71,3.45,18.33,36.77,4.41,11.66
53,,325,10,6,82.23,3.5,18.85,36.95,4.96,11.94
54,,325,10,7,82.19,3.51,18.79,36.47,4.34,11.44
55,,325,10,8,82.08,3.5,18.77,37.41,5.36,12.43
56,,325,10,9,82.35,3.46,18.7,36.6,4.27,11.71
57,,325,10,10,82.28,3.41,18.57,37.54,5.29,12.69
58,,325,10,11,82.24,3.46,18.68,36.44,3.92,11.42
59,,325,10,12,82.32,3.36,18.37,36.78,4.82,11.99
60,,325,10,13,82.34,3.34,18.69,37.22,4.62,12.14
61,,325,10,14,82.17,3.41,18.46,38.97,5.6,13.68
62,,325,10,15,82.16,3.4,18.63,38.23,4.77,13.02
63,,325,10,16,82.29,3.48,18.4,41.01,5.76,14.3
65,,325,10,18,81.95,3.41,18.33,36.3,4.61,11.82
66,,325,10,19,82.43,3.47,18.57,36.77,4.62,11.98
67,,325,10,20,81.71,3.38,18.55,37.39,5.16,12.42
76,,325,10,5,81.92,3.23,16.46,42.77,5.98,15.19
77,,325,10,6,81.62,3.24,16.93,42.03,6.31,15.27
78,,325,10,7,81.91,3.22,16.54,41.49,5.7,14.92
79,,325,10,8,81.77,3.13,16.85,42.16,6.26,15.21
80,,325,10,9,81.56,3.25,16.63,40.33,5.35,13.99
81,,325,10,10,81.66,3.19,16.82,41.53,6.21,14.94
82,,325,10,11,81.76,3.16,16.45,40.45,5.11,13.93
83,,325,10,12,81.63,3.19,16.76,44.21,6.45,16.13
84,,325,10,13,81.92,3.11,16.37,40.05,5.1,13.8
85,,325,10,14,81.58,3.18,16.86,41.79,6.09,14.82
86,,325,10,15,81.71,3.2,16.64,40.07,5.11,13.51
87,,325,10,16,81.63,3.19,16.76,43.02,6.35,15.63
88,,325,10,17,81.98,3.16,16.58,39.4,5.41,13.5
89,,325,10,18,81.65,3.12,16.9,41.03,6.28,14.6
90,,325,10,19,81.75,3.2,16.7,41.25,5.81,14.76
91,,325,10,20,81.78,3.14,16.76,42.91,6.57,15.7
4,,325,20,5,72.48,1.73,24.44,34.45,3.4,11.03
5,,325,20,6,73.15,1.58,23.61,33.8,3.21,10.19
6,,325,20,7,72.52,1.75,23.83,33.97,3.38,10.49
7,,325,20,8,73.24,1.5,23.53,33.95,3.14,10.49
8,,325,20,9,72.83,1.68,23.5,34.95,3.42,11.22
9,,325,20,10,73,1.3,23.34,34.77,3.26,11.27
10,,325,20,11,72.91,1.66,23.67,36.21,3.55,12.12
11,,325,20,12,72.45,1.32,23.61,36.36,3.7,12.4
12,,325,20,13,72.62,1.68,23.76,37.59,3.82,12.59
13,,325,20,14,72.15,1.26,23.69,38.18,4.18,13
14,,325,20,15,72.91,1.45,23.42,39.42,4.04,13.7
16,,325,20,17,72.53,1.38,23.9,36.86,3.72,11.91
17,,325,20,18,72.8,1.37,23.6,38.14,3.78,13.3
28,,325,20,5,73.93,2.4,23.49,36.54,4.06,12.35
29,,325,20,6,74.55,2.28,23.81,35.78,4.18,11.98
30,,325,20,7,73.92,2.46,23.72,36.06,3.83,12.19
31,,325,20,8,74.4,2.2,24.02,35.14,4.02,11.52
32,,325,20,9,73.56,2.46,24.2,34.47,3.63,11.04
33,,325,20,10,74.02,2.16,23.95,34.15,3.77,10.8
34,,325,20,11,73.6,2.32,24.16,36.83,4.55,13.24
35,,325,20,12,74.16,2.15,23.96,36.06,4.47,12.88
36,,325,20,13,73.86,2.28,24.53,36.04,4.25,12.88
37,,325,20,14,73.92,2.23,24.14,35.12,4.46,12.23
38,,325,20,15,73.83,2.24,24.09,33.95,3.84,11.21
39,,325,20,16,73.86,2.39,23.87,33.78,3.68,10.91
40,,325,20,17,73.16,2.31,25.05,32.39,3.56,9.88
41,,325,20,18,73.92,2.46,23.84,32.94,3.58,10.09
42,,325,20,19,73.29,2.39,24.61,32.57,3.73,10.2
43,,325,20,20,74,2.31,23.88,33.11,3.74,10.41
52,,325,20,5,70.48,2.34,20.44,34.17,3.31,10.1
53,,325,20,6,71.99,2.52,20.18,33.53,3.36,9.24
54,,325,20,7,70.05,2.46,20.69,33.3,3.43,9.99
55,,325,20,8,71.75,2.47,19.97,32.79,3.41,9.41
56,,325,20,9,70.45,2.55,21.05,33.16,3.26,9.32
57,,325,20,10,71.35,2.52,19.86,32.76,2.92,9.4
58,,325,20,11,70.35,2.34,20.74,34.96,3.87,11.57
59,,325,20,12,71.19,2.45,19.94,35.78,4.18,11.98
60,,325,20,13,70.14,2.36,20.87,33.96,3.61,10.85
61,,325,20,14,71.08,2.38,19.99,34.79,3.94,11.63
62,,325,20,15,70.28,2.56,21.27,33.49,3.6,9.94
63,,325,20,16,71.16,2.51,20.41,34.81,3.94,11.29
64,,325,20,17,70.88,2.59,20.93,33.31,3.67,9.99
65,,325,20,18,71.73,2.6,20.44,34.96,4.31,11.93
66,,325,20,19,70.09,2.48,20.08,33.5,3.36,9.59
67,,325,20,20,71.14,2.42,20.64,35.63,4.47,12.04
76,,325,20,5,76.1,3.19,20.82,37.37,4.56,12.09
77,,325,20,6,75.74,3.3,21.66,35.32,3.51,10.78
78,,325,20,7,76.84,3.16,19.61,37.8,4.56,12.56
79,,325,20,8,75.41,3.28,21.14,35.63,3.82,11.35
80,,325,20,9,76.94,3.11,19.36,38.93,4.46,13.04
81,,325,20,10,75.86,3.23,20.36,37.36,4.36,12.08
82,,325,20,11,76.22,3.18,19.66,40.33,4.99,13.69
83,,325,20,12,75.83,3.12,19.97,39.65,4.55,13.07
84,,325,20,13,76.96,3.09,19.63,42.12,5.09,14.62
85,,325,20,14,75.91,3.3,20.34,40.84,4.94,14.04
86,,325,20,15,77.23,3.03,19.38,39.21,4.91,13.54
87,,325,20,16,75.63,3.1,20.39,36.92,4.14,11.6
88,,325,20,17,77.42,2.91,19.08,37.78,4.37,12.55
89,,325,20,18,75.38,3.03,20.63,35.99,4.12,11.26
90,,325,20,19,77.87,2.81,18.55,38.09,4.64,12.76
91,,325,20,20,75.74,3.06,19.92,35.8,3.75,11.3
4,,325,30,5,76.27,2.61,20.17,33.46,3.12,9.93
5,,325,30,6,76.24,2.79,19.51,36.56,4.27,12.36
6,,325,30,7,75.97,2.79,20.86,34.27,3,10.73
7,,325,30,8,76.63,2.83,19.69,37.15,4.62,13.11
8,,325,30,9,75.86,2.84,21.23,34.48,3.4,10.69
9,,325,30,10,76.34,2.88,20.15,37.32,4.76,13.05
10,,325,30,11,75.8,2.8,20.76,36.07,4.04,12.19
11,,325,30,12,76.57,2.63,19.71,37.6,5.22,13.92
12,,325,30,13,76.23,2.55,19.98,34.48,3.4,10.69
13,,325,30,14,77.07,2.45,19.12,35.8,4.82,12.33
14,,325,30,15,75.61,2.48,20.53,33.98,3.61,10.5
15,,325,30,16,76.34,2.5,19.73,36.56,4.27,12.36
16,,325,30,17,75.8,2.74,20.65,35.32,4.17,11.47
17,,325,30,18,76.2,2.57,19.81,37.93,4.89,13.14
18,,325,30,19,75.89,2.76,20.1,33.82,3.45,10.2
19,,325,30,20,76.59,2.33,19.09,36.58,4.89,12.7
28,,325,30,5,83.04,3.09,16.92,32.79,1.68,7.96
29,,325,30,6,81.92,2.97,16.67,33.64,1.85,8.82
31,,325,30,8,79.05,2.67,16.61,33.29,1.73,8.55
32,,325,30,9,82.49,3.17,16.89,32.22,0.84,7.34
33,,325,30,10,76.61,2.35,16.36,32.76,1.67,8.31
34,,325,30,11,82.47,3.03,16.41,32.71,1.41,8.65
35,,325,30,12,74.29,2.12,16.61,33.06,2.28,9.65
36,,325,30,13,82.2,3,16.54,32.54,1.22,8.33
37,,325,30,14,73.32,1.91,17.33,32.88,2.35,9.7
38,,325,30,15,81.69,3.12,16.88,32.57,1.74,8.34
39,,325,30,16,71.82,1.77,18.88,33.77,2.74,10.18
40,,325,30,17,81.47,3.15,17.24,33.62,2.33,9.51
41,,325,30,18,72.61,1.82,18.28,34.13,3.07,10.43
42,,325,30,19,79.91,2.88,16.73,34.46,2.71,10.33
43,,325,30,20,72.13,1.61,19.9,35.89,3.46,11.9
52,,325,30,5,69.55,1.85,19.62,31.68,1.56,7.44
53,,325,30,6,69.96,2.18,20.13,31.31,1.43,7.14
54,,325,30,7,69.73,2.19,20.37,30.73,0.53,6.11
55,,325,30,8,70.04,2.15,20.43,31.29,1.15,7.13
56,,325,30,9,70.51,2.32,20.77,30.34,0.38,5.78
57,,325,30,10,70.52,2.11,20.28,30.72,0.81,6.47
58,,325,30,11,70.92,2.07,20.39,31.11,1.49,7.16
59,,325,30,12,70.94,2.01,20.03,31.08,1.49,7.53
60,,325,30,13,70.75,1.89,19.67,32.76,2.92,9.4
61,,325,30,14,71.06,2.08,19.86,31.44,2.15,8.58
62,,325,30,15,71.17,1.86,19.56,33.29,2.95,9.62
63,,325,30,16,70.89,2.01,20.06,33.25,2.7,9.97
64,,325,30,17,71.27,1.99,19.74,34.8,3.71,11.28
65,,325,30,18,70.74,2.32,20.41,34.96,3.87,11.57
66,,325,30,19,71.47,2.12,19.98,35.43,3.66,11.74
67,,325,30,20,70.95,2.16,20.16,35.58,3.81,12.03
76,,325,30,5,79.69,3.35,18.1,32.59,1.99,8.35
77,,325,30,6,73.09,2.36,25.58,31.82,2,8.5
78,,325,30,7,78.97,3.27,18.38,32,1.67,8.45
79,,325,30,8,73.36,2.4,25.84,31.25,1.42,7.86
80,,325,30,9,78.79,3.25,18.56,32.04,1.94,8.1
81,,325,30,10,73.43,2.21,25.18,32.01,1.94,8.46
82,,325,30,11,77.54,3,19.87,31.64,1.29,7.79
83,,325,30,12,73.5,2.35,25.03,31.67,1.82,7.81
84,,325,30,13,77.72,3,19.77,31.86,1.75,7.77
85,,325,30,14,73.31,2.37,25.06,31.81,1.74,8.49
86,,325,30,15,76.8,2.85,20.37,32.04,1.94,8.1
87,,325,30,16,73.44,2.35,25.19,31.83,1.75,8.13
88,,325,30,17,78.41,3.04,19.02,32.19,2.12,8.79
89,,325,30,18,73.64,2.41,25.16,31.81,1.74,8.49
90,,325,30,19,78.93,3.03,18.11,33.13,2.53,8.95
91,,325,30,20,73.93,2.26,24.81,32.75,2.42,9.03
4,,325,40,5,83.94,3.12,15.1,32.05,0.38,6.66
5,,325,40,6,81.11,3.21,17.02,31.67,-0.04,6.35
6,,325,40,7,83.33,3.1,15.46,32.04,0.64,7.01
7,,325,40,8,81.02,3.14,17.06,31.32,-0.19,5.69
8,,325,40,9,83.78,3.04,15.24,32.24,1.1,7.34
9,,325,40,10,81.66,3.08,16.65,31.3,0.35,6.4
10,,325,40,11,83.66,2.97,15.29,32.22,1.36,7.7
11,,325,40,12,81.69,2.96,16.62,31.07,0.4,6.77
12,,325,40,13,82.98,3.16,15.78,32.04,1.42,7.73
13,,325,40,14,81.94,2.93,16.42,31.07,0.4,6.77
14,,325,40,15,82.43,3.11,16.04,32.21,1.61,8.06
15,,325,40,16,82.14,2.87,16.63,31.27,0.88,7.12
16,,325,40,17,82.53,3.1,16.23,32.04,0.64,7.01
17,,325,40,18,82.46,3.01,16.57,31.31,0.62,6.4
18,,325,40,19,82.45,3.03,16.26,32.42,1.04,7.32
19,,325,40,20,82.23,2.94,16.6,31.67,0.49,6.71
28,,325,40,5,72.75,1.38,23.52,30.88,1.56,7.56
29,,325,40,6,72.74,1.51,23.88,30.69,2.18,7.99
30,,325,40,7,72.72,1.46,23.44,30.91,1.02,6.82
31,,325,40,8,73.15,1.44,23.48,30.68,1.08,7.21
32,,325,40,9,73.11,1.59,23.4,30.87,1.28,7.55
33,,325,40,10,72.63,1.48,23.27,30.66,1.35,7.59
34,,325,40,11,72.91,1.59,23.54,30.72,0.81,6.47
35,,325,40,12,72.2,1.51,23.22,30.32,0.94,6.52
36,,325,40,13,72.95,1.65,23.75,30.65,1.07,7.58
37,,325,40,14,72.64,1.55,23.27,30.7,1.35,7.22
38,,325,40,15,73.51,1.65,23.25,32.9,2.6,9.7
39,,325,40,16,73.09,1.61,23.09,32.38,2.56,9.12
40,,325,40,17,72.27,1.31,22.58,30.71,1.08,6.84
41,,325,40,18,72.88,1.43,22.42,30.52,0.87,6.5
42,,325,40,19,73.12,1.35,22.37,31.46,1.62,7.83
43,,325,40,20,74.07,1.48,21.78,31.31,1.43,7.14
52,,325,40,5,84.35,2.79,15.55,31.71,1.03,6.72
53,,325,40,6,82.45,2.95,16.65,31.7,0.5,6.36
54,,325,40,7,84.15,2.78,15.34,32.25,0.84,6.99
55,,325,40,8,82.06,2.92,16.76,32.05,-0.15,6.31
56,,325,40,9,84.07,2.93,15.62,31.68,0.23,6.35
57,,325,40,10,82.11,2.98,16.74,31.11,0.13,6.06
58,,325,40,11,83.59,2.82,15.61,31.88,0.7,6.69
59,,325,40,12,82.18,2.87,16.61,31.88,0.7,6.69
60,,325,40,13,84.14,2.88,15.58,31.67,0.49,6.71
61,,325,40,14,82.34,3,16.71,31.67,0.49,6.71
62,,325,40,15,84.47,2.92,15.5,31.85,0.7,7.04
63,,325,40,16,82.28,3.04,16.98,31.46,0.28,6.72
64,,325,40,17,84.5,2.76,15.4,31.87,0.96,7.05
65,,325,40,18,82.28,2.98,16.89,31.51,0.56,6.38
66,,325,40,19,83.92,2.86,15.61,32.08,1.17,7.03
67,,325,40,20,82.11,3.04,16.75,31.85,0.7,7.04
4,,325,50,5,69.49,1.17,18.9,31.6,2.07,8.91
5,,325,50,6,69.27,1.18,19.01,31.04,1.75,8.28
6,,325,50,7,69.38,1.17,18.95,31.57,1.54,8.9
7,,325,50,8,69.27,1.03,18.76,30.65,1.62,7.97
8,,325,50,9,68.73,0.99,18.8,30.84,1.28,7.93
9,,325,50,10,69.27,1.18,19.01,30.65,1.07,7.58
10,,325,50,11,67.9,0.75,18.47,30.85,1.01,7.55
11,,325,50,12,69.14,1.02,19.06,30.66,1.35,7.59
12,,325,50,13,67.14,0.81,18.85,30.87,1.28,7.55
13,,325,50,14,68.49,1.16,19.17,30.82,1,7.92
14,,325,50,15,66.61,0.77,19,31.6,2.07,8.91
15,,325,50,16,67.82,0.99,19.01,31.39,1.88,8.95
16,,325,50,17,65.98,0.93,19.08,30.85,1.01,7.55
17,,325,50,18,67.53,1.09,19.3,30.88,1.01,7.18
18,,325,50,19,66.16,0.91,18.98,30.1,0.44,6.16
19,,325,50,20,67.36,0.94,19.12,30.32,0.94,6.52
28,,325,50,5,75.15,2.29,23.08,31.24,2.22,8.63
29,,325,50,6,74.74,2.3,23.14,32.01,1.94,8.46
30,,325,50,7,75.37,2.27,23.14,30.27,2.6,8.47
31,,325,50,8,75.02,2.43,23.18,31.05,1.49,7.9
32,,325,50,9,74.97,2.16,22.98,29.66,2,7.79
33,,325,50,10,74.92,2.43,23.25,30.85,1.55,7.94
34,,325,50,11,74.69,2.24,23.06,29.85,1.64,7.74
35,,325,50,12,75.23,2.47,23.47,31.43,1.62,8.2
36,,325,50,13,74.19,2.37,23.86,30.26,1.49,7.66
37,,325,50,14,75.47,2.56,24.06,31.47,2.15,8.21
38,,325,50,15,74.07,2.29,24.15,30.26,1.49,7.66
39,,325,50,16,75.05,2.38,24.01,31.18,2.21,9.39
40,,325,50,17,74.34,2.37,23.64,30.26,2.05,8.06
41,,325,50,18,75.01,2.45,24.05,30.86,2.64,8.72
42,,325,50,19,74.59,2.27,23.89,31.24,2.22,8.63
43,,325,50,20,75.27,2.53,23.66,32.2,3.14,9.54
52,,325,50,5,74.94,0.75,17.76,29.28,1,6.26
53,,325,50,6,77.05,1.26,16.34,29.23,0.1,6.23
54,,325,50,7,74.59,0.59,17.91,29.04,1.06,6.67
55,,325,50,8,76.82,1.41,16.1,28.61,0.3,5.91
56,,325,50,9,74.62,0.68,17.61,28.83,0.84,6.3
57,,325,50,10,76.2,1.64,15.65,28.18,0.13,5.55
58,,325,50,11,74.28,1.02,18.21,28.66,0.61,5.53
59,,325,50,12,76.78,1.74,15.15,28.36,-0.57,5.51
60,,325,50,13,73.19,1.41,18.47,28.16,0.44,5.96
61,,325,50,14,76.83,1.87,15.23,28.14,0.12,5.95
62,,325,50,15,75.08,1.59,17.96,28.4,0.06,5.53
63,,325,50,16,77.29,2.15,15.24,28.4,0.06,5.53
64,,325,50,17,74.75,2.13,17.38,28.17,-0.5,5.14
65,,325,50,18,77.63,2.27,15.37,29.05,0.17,5.87
66,,325,50,19,74.67,2.08,17.12,28.21,0.14,5.16
67,,325,50,20,78.89,2.38,15.02,29.46,0.33,6.22